CaptureDate,PlotName,CaptureTime,Recap,BandPrefixNumber,BandSuffixNumber,ColorBands,Age,Sex,FatScore,ConcTRIG,TRIG.issues,BurnTreatment,GrazingTreatment,timeperiod,CaptureYear,yearSinceBurn,MeanDensity,MeanEdibleMass
5/12/13,COB,9:58,FALSE,1831,10505,YS-RO,AHY,M,1,1.023,FALSE,1,Cattle,Early,2013,0,3.375,NA
5/12/13,COB,6:41,FALSE,1831,10501,WR-SK,AHY,M,0,0.816,FALSE,1,Cattle,Early,2013,0,3.375,NA
5/12/13,COB,7:44,FALSE,1831,10502,KW-SW,AHY,M,0,-999,FALSE,1,Cattle,Early,2013,0,3.375,NA
5/12/13,COB,9:08,FALSE,1831,10504,SO-PG,AHY,M,0,0.778447,FALSE,1,Cattle,Early,2013,0,3.375,NA
5/12/13,COB,8:12,FALSE,1831,10503,KD-SY,AHY,M,-9,-999,FALSE,1,Cattle,Early,2013,0,3.375,NA
5/13/13,C3B,6:55,FALSE,1831,10600,YB-SR,AHY,M,0,-999,FALSE,3,Cattle,Early,2013,2,2.166666667,NA
5/13/13,C3B,8:04,FALSE,1831,10599,OS-BG,AHY,M,0,-999,FALSE,3,Cattle,Early,2013,2,2.166666667,NA
5/13/13,C3B,8:11,FALSE,1831,10598,RW-SD,AHY,M,0,-999,FALSE,3,Cattle,Early,2013,2,2.166666667,NA
5/13/13,C3B,8:52,TRUE,1831,10597,SW-OR,AHY,M,0,0.54896,FALSE,3,Cattle,Early,2013,2,2.166666667,NA
5/13/13,C3B,9:25,FALSE,1831,10596,SA-PY,AHY,M,0,0.84231,FALSE,3,Cattle,Early,2013,2,2.166666667,NA
5/13/13,C3B,10:16,FALSE,1831,10597,SW-OR,AHY,M,-9,-999,FALSE,3,Cattle,Early,2013,2,2.166666667,NA
5/14/13,C3SA,7:17,FALSE,1831,10594,GS-PB,AHY,M,0,0.155316,FALSE,3,Cattle,Early,2013,2,1.75,NA
5/14/13,C3SA,7:57,FALSE,1831,10593,PS-RW,AHY,M,0,0.77019,FALSE,3,Cattle,Early,2013,2,1.75,NA
5/14/13,C3SA,6:40,FALSE,1831,10595,YS-KO,AHY,M,0,0.8965,FALSE,3,Cattle,Early,2013,2,1.75,NA
5/14/13,C3SA,8:50,FALSE,1831,10592,SD-BG,AHY,M,0,0.576028,TRUE,3,Cattle,Early,2013,2,1.75,NA
5/14/13,C3SA,9:33,FALSE,1831,10591,WD-SP,AHY,M,0,0.61036,FALSE,3,Cattle,Early,2013,2,1.75,NA
5/14/13,C3SA,10:01,FALSE,1831,10590,GR-WS,AHY,M,0.5,0.62421,FALSE,3,Cattle,Early,2013,2,1.75,NA
5/15/13,2A,9:54,FALSE,1831,10585,KY-SB,AHY,M,2,0.50598,FALSE,2,None,Early,2013,1,0.5,NA
5/15/13,2A,9:11,FALSE,1831,10587,SA-OG,AHY,M,0,0.5858,FALSE,2,None,Early,2013,1,0.5,NA
5/15/13,2A,6:32,FALSE,1831,10588,BY-SP,AHY,M,1,0.45767,FALSE,2,None,Early,2013,1,0.5,NA
5/15/13,2A,9:11,FALSE,1831,10586,SD-RW,AHY,M,1,0.54177,FALSE,2,None,Early,2013,1,0.5,NA
5/15/13,2A,6:30,FALSE,1831,10589,SW-KD,AHY,M,1,-999,FALSE,2,None,Early,2013,1,0.5,NA
5/16/13,N1A,6:38,FALSE,1831,10584,WK-SW,AHY,M,0,0.658416,FALSE,1,Bison,Early,2013,0,1.3,NA
5/16/13,N1A,6:58,FALSE,1831,10583,GO-SK,AHY,M,1,0.922866,FALSE,1,Bison,Early,2013,0,1.3,NA
5/16/13,N1A,7:39,FALSE,1831,10582,SD-YD,AHY,M,0,0.61994,FALSE,1,Bison,Early,2013,0,1.3,NA
5/16/13,N1A,9:16,FALSE,1831,10580,SB-OP,AHY,M,0,0.88527,FALSE,1,Bison,Early,2013,0,1.3,NA
5/16/13,N1A,8:25,FALSE,1831,10581,SB-RG,AHY,M,1,1,TRUE,1,Bison,Early,2013,0,1.3,NA
5/17/13,C3B,6:22,FALSE,1831,10579,SG-DO,AHY,M,1,0.742266,FALSE,3,Cattle,Early,2013,2,2.166666667,NA
5/17/13,C3B,7:15,FALSE,1831,10578,OR-YS,AHY,M,0,0.942216,FALSE,3,Cattle,Early,2013,2,2.166666667,NA
5/17/13,C3B,7:30,FALSE,1831,10577,PD-KS,AHY,M,0,0.86466,FALSE,3,Cattle,Early,2013,2,2.166666667,NA
5/17/13,C3B,8:45,FALSE,1831,10576,OS-KD,AHY,M,0,0.83029,FALSE,3,Cattle,Early,2013,2,2.166666667,NA
5/17/13,C3B,9:25,FALSE,1831,10575,PS-RP,AHY,M,1,0.69525,FALSE,3,Cattle,Early,2013,2,2.166666667,NA
5/17/13,C3B,9:52,FALSE,1831,10574,SK-WB,AHY,M,0,0.60422,FALSE,3,Cattle,Early,2013,2,2.166666667,NA
5/20/13,C3C,11:11,FALSE,1831,10568,RA-SO,AHY,M,1,0.85779,FALSE,3,Cattle,Early,2013,1,4.75,NA
5/20/13,C3C,10:34,FALSE,1831,10569,KY-SG,AHY,M,0,0.57966,FALSE,3,Cattle,Early,2013,1,4.75,NA
5/20/13,C3C,6:31,FALSE,1831,10573,GY-KS,AHY,M,0,0.49373,FALSE,3,Cattle,Early,2013,1,4.75,NA
5/20/13,C3C,7:10,FALSE,1831,10572,SP-BO,AHY,M,0,0.44225,TRUE,3,Cattle,Early,2013,1,4.75,NA
5/20/13,C3C,7:45,FALSE,1831,10571,DR-GS,AHY,M,0,0.684216,FALSE,3,Cattle,Early,2013,1,4.75,NA
5/20/13,C3C,10:07,FALSE,1831,10570,SW-RG,AHY,M,0,0.775181,FALSE,3,Cattle,Early,2013,1,4.75,NA
5/21/13,K2A,8:50,FALSE,1831,10563,YK-SD,AHY,M,1,1.0156,FALSE,2,None,Early,2013,1,1.7,NA
5/21/13,K2A,6:30,FALSE,1831,10567,PS-DY,AHY,M,0,0.8045,FALSE,2,None,Early,2013,1,1.7,NA
5/21/13,K2A,7:01,FALSE,1831,10566,OS-GB,AHY,M,0,0.5244,FALSE,2,None,Early,2013,1,1.7,NA
5/21/13,K2A,8:18,FALSE,1831,10564,SW-WG,AHY,M,0,1.2645,FALSE,2,None,Early,2013,1,1.7,NA
5/21/13,K2A,9:27,FALSE,1831,10561,YP-KS,AHY,M,0,1.064766,FALSE,2,None,Early,2013,1,1.7,NA
5/21/13,K2A,9:27,FALSE,1831,10562,GR-SD,AHY,M,1,0.974466,FALSE,2,None,Early,2013,1,1.7,NA
5/21/13,K2A,7:34,FALSE,1831,10565,SR-DR,AHY,M,0,1.201248,TRUE,2,None,Early,2013,1,1.7,NA
5/22/13,C3A,6:22,FALSE,1831,10560,AG-SR,AHY,M,2,0.530878,TRUE,3,Cattle,Early,2013,0,0.75,NA
5/22/13,C3B,9:51,FALSE,1831,10558,SY-AD,AHY,M,0,0.82428,FALSE,3,Cattle,Early,2013,2,2.166666667,NA
5/22/13,C3C,7:19,FALSE,1831,10559,SB-DP,AHY,M,0,0.609,FALSE,3,Cattle,Early,2013,1,4.75,NA
5/23/13,COA,6:09,FALSE,1831,10557,PO-SB,AHY,M,1,1.09137,FALSE,1,Cattle,Early,2013,0,3.375,NA
5/23/13,COA,6:39,FALSE,1831,10556,SR-BG,AHY,M,0,0.78725,FALSE,1,Cattle,Early,2013,0,3.375,NA
5/23/13,COA,7:30,FALSE,1831,10555,KS-WG,AHY,M,0,0.7086,FALSE,1,Cattle,Early,2013,0,3.375,NA
5/28/13,N2A,6:19,FALSE,1831,10553,BS-GO,AHY,M,1,0.980916,FALSE,2,Bison,Early,2013,1,1,NA
5/31/13,C3B,6:35,FALSE,1320,83946,SD-KW,AHY,M,0,-999,FALSE,3,Cattle,Early,2013,2,2.166666667,NA
5/31/13,C3C,10:50,FALSE,1320,83949,SY-GK,AHY,M,-9,-999,FALSE,3,Cattle,Early,2013,1,4.75,NA
5/31/13,C3C,10:45,FALSE,1320,83948,SD-KG,AHY,M,0,1.12075,TRUE,3,Cattle,Early,2013,1,4.75,NA
5/31/13,C3C,9:45,FALSE,1320,83947,SD-KD,AHY,M,1,1.0845,FALSE,3,Cattle,Early,2013,1,4.75,NA
6/1/13,2A,7:15,FALSE,1831,10552,BS-RD,AHY,M,0,0.78822,FALSE,2,None,Early,2013,1,0.5,NA
6/2/13,C3C,6:20,FALSE,1320,83950,KP-GS,AHY,M,0,-999,FALSE,3,Cattle,Early,2013,1,4.75,NA
6/2/13,C3C,10:10,FALSE,1320,83951,SD-KP,AHY,M,0,-999,FALSE,3,Cattle,Early,2013,1,4.75,NA
6/3/13,C3B,9:45,FALSE,1320,83952,SD-KR,AHY,M,0,-999,FALSE,3,Cattle,Early,2013,2,2.166666667,NA
6/3/13,N2B,8:58,FALSE,1831,10547,WS-DP,AHY,M,1,0.568116,FALSE,2,Bison,Early,2013,0,1.75,NA
6/3/13,N2B,7:00,FALSE,1831,10550,YO-SD,AHY,M,1,1.316316,FALSE,2,Bison,Early,2013,0,1.75,NA
6/3/13,N2B,7:05,FALSE,1831,10551,PS-BR,AHY,M,0,0.566111,TRUE,2,Bison,Early,2013,0,1.75,NA
6/3/13,N2B,8:27,FALSE,1831,10548,YS-WR,AHY,M,1,0.839,FALSE,2,Bison,Early,2013,0,1.75,NA
6/3/13,N2B,10:24,FALSE,1831,10546,DS-BG,AHY,M,2,1.35316,FALSE,2,Bison,Early,2013,0,1.75,NA
6/3/13,N2B,7:45,FALSE,1831,10549,GK-SG,AHY,M,0,0.82344,FALSE,2,Bison,Early,2013,0,1.75,NA
6/4/13,1D,9:20,FALSE,1320,83953,SD-WK,AHY,M,0,-999,FALSE,1,None,Early,2013,0,NA,NA
6/4/13,C3SA,10:37,FALSE,1831,10543,PW-RS,AHY,M,1,0.62625,FALSE,3,Cattle,Early,2013,2,1.75,NA
6/4/13,C3SA,9:16,FALSE,1831,10545,OS-YG,AHY,M,0,0.774516,FALSE,3,Cattle,Early,2013,2,1.75,NA
6/4/13,C3SA,10:05,FALSE,1831,10544,WG-OS,AHY,M,0,0.78822,FALSE,3,Cattle,Early,2013,2,1.75,NA
6/6/13,C3SC,6:35,FALSE,1831,10542,BS-PR,AHY,M,1,0.89214,FALSE,3,Cattle,Early,2013,1,0.5,NA
6/6/13,C3SC,7:23,FALSE,1831,10541,KG-SG,AHY,M,1,-999,FALSE,3,Cattle,Early,2013,1,0.5,NA
6/6/13,C3SC,9:02,FALSE,1831,10540,RY-SW,AHY,M,1,1.303416,FALSE,3,Cattle,Early,2013,1,0.5,NA
6/6/13,COB,11:58,FALSE,1831,10539,GY-SP,AHY,M,1,0.69878,TRUE,1,Cattle,Early,2013,0,3.375,NA
6/6/13,COB,10:31,TRUE,1831,10501,WR-SK,AHY,M,1,1.07475,FALSE,1,Cattle,Early,2013,0,3.375,NA
6/6/13,COB,12:45,TRUE,1831,10505,YS-RO,AHY,M,1,1.58612,TRUE,1,Cattle,Early,2013,0,3.375,NA
6/7/13,C3A,6:10,FALSE,1320,83954,SD-KY,AHY,M,0,-999,FALSE,3,Cattle,Early,2013,0,0.75,NA
6/7/13,C3A,9:00,FALSE,1320,83955,SD-WD,AHY,M,0,-999,FALSE,3,Cattle,Early,2013,0,0.75,NA
6/7/13,C3C,7:31,TRUE,1831,10572,SP-BO,AHY,M,0,0.671316,FALSE,3,Cattle,Early,2013,1,4.75,NA
6/7/13,C3C,11:08,FALSE,1831,10537,WK-RS,AHY,M,1,2.06004,FALSE,3,Cattle,Early,2013,1,4.75,NA
6/7/13,C3C,11:51,FALSE,1831,10536,BS-DY,AHY,M,1,0.96852,FALSE,3,Cattle,Early,2013,1,4.75,NA
6/7/13,C3C,10:37,FALSE,1831,10538,PY-OS,AHY,M,2,1.14882,FALSE,3,Cattle,Early,2013,1,4.75,NA
6/10/13,C3C,9:00,FALSE,1320,83958,SY-RD,AHY,M,-9,0.84405,FALSE,3,Cattle,Early,2013,1,4.75,NA
6/10/13,C3C,9:00,FALSE,1320,83957,SD-WP,AHY,M,0,0.678,FALSE,3,Cattle,Early,2013,1,4.75,NA
6/10/13,C3C,9:00,FALSE,1320,83956,SD-WG,AHY,M,0,-999,FALSE,3,Cattle,Early,2013,1,4.75,NA
6/10/13,C3SB,9:58,FALSE,1831,10533,YS-DY,AHY,M,0,1.016876,FALSE,3,Cattle,Early,2013,0,0.166666667,NA
6/10/13,K1B,6:48,FALSE,1831,10535,GS-KD,AHY,M,0,0.542316,FALSE,1,None,Early,2013,0,1,NA
6/10/13,K1B,7:25,FALSE,1831,10534,OW-SP,AHY,M,0,1.00575,FALSE,1,None,Early,2013,0,1,NA
6/11/13,C1A,7:40,FALSE,1320,83959,SY-GW,AHY,M,1,-999,FALSE,1,Cattle,Early,2013,0,NA,NA
6/11/13,C1A,8:50,FALSE,1320,83960,SD-WO,AHY,M,0,-999,FALSE,1,Cattle,Early,2013,0,NA,NA
6/11/13,C1A,11:05,FALSE,1320,83961,SY-GD,AHY,M,0,-999,FALSE,1,Cattle,Early,2013,0,NA,NA
6/11/13,C3B,9:12,FALSE,1831,10532,YS-YR,AHY,M,1,1.10074,TRUE,3,Cattle,Early,2013,2,2.166666667,NA
6/11/13,C3C,12:57,FALSE,1831,10530,NA,HY,U,-9,1.61118,FALSE,3,Cattle,Early,2013,1,4.75,NA
6/11/13,C3C,13:01,FALSE,1831,10531,NA,HY,U,-9,1.17825,TRUE,3,Cattle,Early,2013,1,4.75,NA
6/13/13,C1A,8:00,FALSE,1320,83962,NA,AHY,M,-9,1.02584,TRUE,1,Cattle,Early,2013,0,NA,NA
6/13/13,C3C,7:20,FALSE,1320,83963,SD-DW,AHY,M,0,0.81436,TRUE,3,Cattle,Early,2013,1,4.75,NA
6/13/13,COA,7:20,FALSE,1831,10529,RB-KS,AHY,M,0,0.7125,FALSE,1,Cattle,Early,2013,0,3.375,NA
6/13/13,COA,8:00,FALSE,1831,10528,WS-WD,AHY,M,0,1.122816,FALSE,1,Cattle,Early,2013,0,3.375,NA
6/13/13,COA,10:30,FALSE,1831,10526,SG-KW,AHY,M,0,1.5635,FALSE,1,Cattle,Early,2013,0,3.375,NA
6/14/13,2A,9:58,FALSE,1831,10522,KP-RS,AHY,M,1,0.91004,TRUE,2,None,Early,2013,1,0.5,NA
6/14/13,2A,12:05,FALSE,1831,10521,OY-GS,AHY,M,0,1.1689,FALSE,2,None,Early,2013,1,0.5,NA
6/14/13,2A,9:58,FALSE,1831,10523,GO-BS,AHY,M,0,1.65406,FALSE,2,None,Early,2013,1,0.5,NA
6/14/13,2D,6:24,FALSE,1831,10525,SB-KO,AHY,M,0,0.88666,FALSE,2,None,Early,2013,0,1.5,NA
6/14/13,2D,7:45,FALSE,1831,10524,WD-YS,AHY,M,0,1.09426,FALSE,2,None,Early,2013,0,1.5,NA
6/14/13,C3B,18:30,FALSE,1320,83964,SO-OW,HY,M,-9,3.42054,TRUE,3,Cattle,Early,2013,2,2.166666667,NA
6/14/13,C3B,18:30,FALSE,1320,83965,NA,HY,U,-9,3.13556,TRUE,3,Cattle,Early,2013,2,2.166666667,NA
6/14/13,C3B,18:30,FALSE,1320,83966,NA,HY,U,-9,4.92064,FALSE,3,Cattle,Early,2013,2,2.166666667,NA
6/14/13,C3B,18:30,FALSE,1320,83967,NA,HY,U,-9,-999,FALSE,3,Cattle,Early,2013,2,2.166666667,NA
6/15/13,N1B,6:32,FALSE,1831,10520,YP-SR,AHY,M,1,1.11292,FALSE,1,Bison,Early,2013,0,0.125,NA
6/15/13,N1B,6:45,FALSE,1831,10519,OD-SO,AHY,M,0,1.14402,FALSE,1,Bison,Early,2013,0,0.125,NA
6/15/13,N1B,7:30,FALSE,1831,10518,GS-PR,AHY,M,0,0.9201,FALSE,1,Bison,Early,2013,0,0.125,NA
6/15/13,N1B,7:30,FALSE,1831,10517,SW-GW,AHY,M,1,0.89522,FALSE,1,Bison,Early,2013,0,0.125,NA
6/15/13,N1B,9:08,FALSE,1831,10516,WS-KR,AHY,M,1,1.00096,FALSE,1,Bison,Early,2013,0,0.125,NA
6/15/13,N2A,10:45,FALSE,1831,10514,DG-SG,AHY,M,1,2.21386,FALSE,2,Bison,Early,2013,1,1,NA
6/15/13,N2A,10:35,FALSE,1831,10515,SA-DR,AHY,M,0,1.28708,FALSE,2,Bison,Early,2013,1,1,NA
6/17/13,C3B,6:45,FALSE,1831,10513,SW-GY,AHY,M,1,1.2933,FALSE,3,Cattle,Early,2013,2,2.166666667,NA
6/17/13,C3B,8:27,FALSE,1831,10512,YS-PD,AHY,M,0,0.85168,FALSE,3,Cattle,Early,2013,2,2.166666667,NA
6/17/13,C3B,9:49,FALSE,1831,10511,GO-SG,AHY,M,0,0.82058,TRUE,3,Cattle,Early,2013,2,2.166666667,NA
6/17/13,C3B,11:35,TRUE,1831,10575,PS-RP,AHY,M,1,1.31818,FALSE,3,Cattle,Early,2013,2,2.166666667,NA
6/17/13,C3B,12:15,FALSE,1831,10510,SG-RK,AHY,M,0.5,0.90508,FALSE,3,Cattle,Early,2013,2,2.166666667,NA
6/18/13,C3B,6:40,FALSE,1320,83968,SD-WY,AHY,M,0,-999,FALSE,3,Cattle,Early,2013,2,2.166666667,NA
6/18/13,C3B,10:50,FALSE,1831,10602,PR-SO,AHY,M,0,1.3555,FALSE,3,Cattle,Early,2013,2,2.166666667,NA
6/18/13,C3B,7:42,FALSE,1831,10507,DG-SP,AHY,M,0,1.03828,FALSE,3,Cattle,Early,2013,2,2.166666667,NA
6/18/13,C3B,10:50,FALSE,1831,10601,SY-PG,AHY,M,1,1.29814,TRUE,3,Cattle,Early,2013,2,2.166666667,NA
6/18/13,C3C,8:45,FALSE,1831,10506,DW-RS,AHY,M,0,1.28086,FALSE,3,Cattle,Early,2013,1,4.75,NA
6/18/13,C3C,6:10,FALSE,1831,10509,PY-SB,AHY,M,0,1.2612,FALSE,3,Cattle,Early,2013,1,4.75,NA
6/18/13,C3C,6:48,FALSE,1831,10508,SR-DA,AHY,M,1,0.72106,TRUE,3,Cattle,Early,2013,1,4.75,NA
6/19/13,C3B,8:34,FALSE,1320,83969,DS-KO,AHY,M,0,0.5469,FALSE,3,Cattle,Mid,2013,2,1.416666667,NA
6/19/13,C3C,10:55,FALSE,1320,83970,SY-GP,AHY,M,0,0.90766,FALSE,3,Cattle,Mid,2013,1,2.625,NA
6/19/13,C3SA,7:15,FALSE,1831,10624,BR-RS,AHY,M,0,1.25598,FALSE,3,Cattle,Mid,2013,2,0.7,NA
6/19/13,C3SA,7:38,FALSE,1831,10625,SY-DY,AHY,M,0,0.84546,TRUE,3,Cattle,Mid,2013,2,0.7,NA
6/19/13,C3SA,12:10,FALSE,1831,10627,SR-YO,AHY,M,1,1.0756,FALSE,3,Cattle,Mid,2013,2,0.7,NA
6/19/13,C3SA,8:30,FALSE,1831,10626,PK-PS,AHY,M,0,-999,FALSE,3,Cattle,Mid,2013,2,0.7,NA
6/19/13,C3SC,6:30,FALSE,1831,10603,YS-PY,AHY,M,1,0.6402,TRUE,3,Cattle,Mid,2013,1,0.6,NA
6/19/13,C3SC,8:29,FALSE,1831,10604,PS-OO,AHY,M,1,1.08804,FALSE,3,Cattle,Mid,2013,1,0.6,NA
6/19/13,C3SC,9:25,FALSE,1831,10605,BR-WS,AHY,M,0,1.24354,TRUE,3,Cattle,Mid,2013,1,0.6,NA
6/19/13,C3SC,10:30,FALSE,1831,10606,PO-RS,AHY,M,0,1.320628,FALSE,3,Cattle,Mid,2013,1,0.6,NA
6/19/13,K2A,6:16,FALSE,1831,10623,SW-KY,AHY,M,1,0.88278,TRUE,2,None,Mid,2013,1,1.375,NA
6/22/13,K1B,9:12,FALSE,1831,10610,WP-KS,AHY,M,3,0.75216,TRUE,1,None,Mid,2013,0,0.166666667,NA
6/22/13,K2A,6:43,FALSE,1831,10608,WS-DY,AHY,M,0,0.5975,FALSE,2,None,Mid,2013,1,1.375,NA
6/22/13,K2A,7:18,FALSE,1831,10609,WO-RS,AHY,M,0.5,0.69291,TRUE,2,None,Mid,2013,1,1.375,NA
6/22/13,K2A,6:30,FALSE,1831,10607,KP-OS,AHY,M,0,0.73972,FALSE,2,None,Mid,2013,1,1.375,NA
6/22/13,K2A,10:05,FALSE,1831,10611,WG-YS,AHY,M,1,0.406106,FALSE,2,None,Mid,2013,1,1.375,NA
6/26/13,C3B,6:25,FALSE,1320,83971,SD-DG,AHY,M,0,-999,FALSE,3,Cattle,Mid,2013,2,1.416666667,NA
6/27/13,C1A,6:20,FALSE,1320,83972,SY-YK,AHY,M,0,-999,FALSE,1,Cattle,Mid,2013,0,NA,NA
6/27/13,C1A,7:35,FALSE,1320,83973,SY-RK,AHY,M,0,-999,FALSE,1,Cattle,Mid,2013,0,NA,NA
6/29/13,COA,6:07,FALSE,1831,10612,PS-WY,AHY,M,0,0.9195,FALSE,1,Cattle,Mid,2013,0,2.5,NA
6/29/13,COA,7:00,FALSE,1831,10613,WD-SG,AHY,M,0,10.68189,TRUE,1,Cattle,Mid,2013,0,2.5,NA
6/29/13,COA,7:30,FALSE,1831,10614,SO-GY,AHY,M,0,0.8275,FALSE,1,Cattle,Mid,2013,0,2.5,NA
6/29/13,COA,8:43,FALSE,1831,10616,SD-RY,AHY,M,1,1.03402,FALSE,1,Cattle,Mid,2013,0,2.5,NA
6/29/13,COA,8:19,FALSE,1831,10615,OS-WR,AHY,M,0,0.54177,FALSE,1,Cattle,Mid,2013,0,2.5,NA
7/1/13,C3C,10:20,FALSE,1320,83974,SY-YR,AHY,M,0,-999,FALSE,3,Cattle,Mid,2013,1,2.625,NA
7/1/13,C3SA,6:20,FALSE,1831,10617,SP-YR,AHY,M,1,0.62625,FALSE,3,Cattle,Mid,2013,2,0.7,NA
7/1/13,C3SA,7:02,FALSE,1831,10618,WS-WY,AHY,M,1,0.54655,FALSE,3,Cattle,Mid,2013,2,0.7,NA
7/1/13,C3SA,7:13,FALSE,1831,10619,DS-BO,AHY,M,1,0.63108,TRUE,3,Cattle,Mid,2013,2,0.7,NA
7/1/13,C3SA,7:25,FALSE,1831,10620,OS-GP,AHY,M,0,0.41213,TRUE,3,Cattle,Mid,2013,2,0.7,NA
7/1/13,C3SA,7:56,FALSE,1831,10621,YS-RK,AHY,M,0,0.97458,FALSE,3,Cattle,Mid,2013,2,0.7,NA
7/1/13,C3SA,8:14,FALSE,1831,10622,WO-SG,AHY,M,1,0.51777,FALSE,3,Cattle,Mid,2013,2,0.7,NA
7/2/13,1D,6:20,FALSE,1320,83975,SD-WR,AHY,M,0,0.52116,FALSE,1,None,Mid,2013,0,NA,NA
7/2/13,C3SC,8:39,FALSE,1831,10630,OS-GW,AHY,M,1,0.7862,TRUE,3,Cattle,Mid,2013,1,0.6,NA
7/2/13,C3SC,7:54,FALSE,1831,10629,SK-YR,AHY,M,0,0.52378,FALSE,3,Cattle,Mid,2013,1,0.6,NA
7/2/13,C3SC,7:05,FALSE,1831,10628,OW-YS,AHY,M,0,0.581016,FALSE,3,Cattle,Mid,2013,1,0.6,NA
7/6/13,C3A,6:29,FALSE,1320,83976,SD-DP,AHY,F,0,-999,FALSE,3,Cattle,Late,2013,0,0.5,NA
7/6/13,C3A,7:00,FALSE,1320,83977,SY-GR,AHY,F,0,-999,FALSE,3,Cattle,Late,2013,0,0.5,NA
7/6/13,C3SA,8:30,FALSE,1831,10632,WR-SD,AHY,M,1,0.66543,FALSE,3,Cattle,Late,2013,2,0.833333333,NA
7/6/13,C3SA,9:30,FALSE,1831,10633,DP-BS,AHY,M,1,1.25858,TRUE,3,Cattle,Late,2013,2,0.833333333,NA
7/6/13,C3SA,9:30,FALSE,1831,10634,NA,HY,U,2,0.44559,FALSE,3,Cattle,Late,2013,2,0.833333333,NA
7/6/13,C3SA,10:15,FALSE,1831,10635,OG-RS,AHY,M,2,0.961566,FALSE,3,Cattle,Late,2013,2,0.833333333,NA
7/6/13,C3SA,10:45,FALSE,1831,10637,SO-GP,AHY,M,1,0.97876,FALSE,3,Cattle,Late,2013,2,0.833333333,NA
7/6/13,C3SA,10:22,FALSE,1831,10636,KS-RY,AHY,M,0,0.8275,FALSE,3,Cattle,Late,2013,2,0.833333333,NA
7/6/13,C3SA,8:02,FALSE,1831,10631,OW-KS,HY,M,2,1.31626,TRUE,3,Cattle,Late,2013,2,0.833333333,NA
7/8/13,N1B,7:52,FALSE,1831,10639,NA,HY,U,2,1.13946,FALSE,1,Bison,Late,2013,0,0,NA
7/8/13,N1B,10:49,FALSE,1831,10640,DS-WD,AHY,M,2,1.200216,FALSE,1,Bison,Late,2013,0,0,NA
7/8/13,N1B,11:38,FALSE,1831,10641,KG-SR,AHY,M,1,0.7355,FALSE,1,Bison,Late,2013,0,0,NA
7/10/13,C3SA,7:58,FALSE,1831,10646,KS-GW,AHY,M,1,1.15525,FALSE,3,Cattle,Late,2013,2,0.833333333,NA
7/10/13,C3SA,6:22,FALSE,1831,10642,DW-SB,AHY,M,0,0.37718,TRUE,3,Cattle,Late,2013,2,0.833333333,NA
7/10/13,C3SA,6:47,FALSE,1831,10643,SR-KY,AHY,M,0,0.651966,FALSE,3,Cattle,Late,2013,2,0.833333333,NA
7/10/13,C3SA,6:47,FALSE,1831,10644,NA,HY,U,1,0.81827,TRUE,3,Cattle,Late,2013,2,0.833333333,NA
7/10/13,C3SA,8:59,FALSE,1831,10647,AS-WY,AHY,M,1,1.045416,FALSE,3,Cattle,Late,2013,2,0.833333333,NA
7/10/13,C3SA,7:27,FALSE,1831,10645,NA,HY,U,3,0.76848,TRUE,3,Cattle,Late,2013,2,0.833333333,NA
7/10/13,C3SA,9:42,FALSE,1831,10648,GS-KB,AHY,M,1,0.74014,TRUE,3,Cattle,Late,2013,2,0.833333333,NA
7/10/13,C3SA,10:24,FALSE,1831,10649,NA,HY,U,2,-999,FALSE,3,Cattle,Late,2013,2,0.833333333,NA
7/11/13,COA,8:42,TRUE,1831,10555,KS-WG,AHY,M,0,0.62625,FALSE,1,Cattle,Late,2013,0,3,NA
7/11/13,COA,6:20,FALSE,1831,10654,NA,HY,U,2,0.619716,FALSE,1,Cattle,Late,2013,0,3,NA
7/11/13,COA,6:29,FALSE,1831,10655,OP-SO,AHY,M,0,0.43964,FALSE,1,Cattle,Late,2013,0,3,NA
7/11/13,COA,6:50,FALSE,1831,10656,NA,HY,U,2,0.98832,FALSE,1,Cattle,Late,2013,0,3,NA
7/11/13,COA,8:32,FALSE,1831,10658,NA,HY,U,3,1.567866,FALSE,1,Cattle,Late,2013,0,3,NA
7/11/13,COA,9:34,FALSE,1831,10659,YG-PS,AHY,M,1,0.651966,FALSE,1,Cattle,Late,2013,0,3,NA
7/11/13,COA,11:15,FALSE,1831,10660,SY-DR,AHY,M,1,0.98655,FALSE,1,Cattle,Late,2013,0,3,NA
7/11/13,COA,12:02,FALSE,1831,10661,OB-SD,AHY,M,0,0.74544,FALSE,1,Cattle,Late,2013,0,3,NA
7/11/13,COA,8:12,FALSE,1831,10657,NA,HY,U,2,0.374616,FALSE,1,Cattle,Late,2013,0,3,NA
7/12/13,C3A,7:40,FALSE,1320,83978,SY-OW,AHY,M,0,-999,FALSE,3,Cattle,Late,2013,0,0.5,NA
7/13/13,COA,8:56,FALSE,1831,10668,YS-KY,AHY,M,1,1.419516,FALSE,1,Cattle,Late,2013,0,3,NA
7/13/13,COA,9:28,FALSE,1831,10669,SB-DO,AHY,M,0,0.50575,FALSE,1,Cattle,Late,2013,0,3,NA
7/13/13,COA,9:28,FALSE,1831,10670,YD-SO,AHY,M,0,0.8735,FALSE,1,Cattle,Late,2013,0,3,NA
7/13/13,COA,7:53,FALSE,1831,10666,WG-SB,AHY,M,0,0.65169,FALSE,1,Cattle,Late,2013,0,3,NA
7/13/13,COA,7:28,FALSE,1831,10665,NA,HY,U,2,0.742266,FALSE,1,Cattle,Late,2013,0,3,NA
7/13/13,COA,8:25,FALSE,1831,10667,NA,HY,U,1,1.16296,FALSE,1,Cattle,Late,2013,0,3,NA
7/13/13,COA,7:09,FALSE,1831,10662,NA,HY,U,0,0.80283,FALSE,1,Cattle,Late,2013,0,3,NA
7/13/13,COA,7:28,FALSE,1831,10663,NA,HY,U,1,0.779328,TRUE,1,Cattle,Late,2013,0,3,NA
7/13/13,COA,7:28,FALSE,1831,10664,NA,HY,U,3,0.59194,FALSE,1,Cattle,Late,2013,0,3,NA
7/15/13,C3C,9:18,FALSE,1320,83986,SY-YG,AHY,M,0,-999,FALSE,3,Cattle,Late,2013,1,1.333333333,NA
7/15/13,K1B,6:39,FALSE,1831,10671,SK-KG,AHY,M,1,0.658416,FALSE,1,None,Late,2013,0,0.375,NA
7/15/13,K1B,9:35,FALSE,1831,10672,SA-RP,AHY,M,1,0.74125,FALSE,1,None,Late,2013,0,0.375,NA
7/18/13,C3B,7:33,FALSE,1831,10673,OR-KS,HY,M,1,0.722916,FALSE,3,Cattle,Late,2013,2,1.375,NA
7/18/13,C3B,7:51,FALSE,1831,10674,NA,HY,U,1,-999,FALSE,3,Cattle,Late,2013,2,1.375,NA
7/18/13,C3B,8:15,FALSE,1831,10675,NA,HY,U,2,1.19874,TRUE,3,Cattle,Late,2013,2,1.375,NA
7/18/13,C3B,9:25,FALSE,1831,10676,OS-WG,AHY,M,1,0.60792,FALSE,3,Cattle,Late,2013,2,1.375,NA
7/19/13,C3A,10:50,FALSE,1831,10681,NA,HY,U,2,-999,FALSE,3,Cattle,Late,2013,0,0.5,NA
7/19/13,C3A,10:35,FALSE,1831,10680,OK-RS,AHY,M,1,1.5375,FALSE,3,Cattle,Late,2013,0,0.5,NA
7/19/13,C3A,11:00,FALSE,1831,10682,NA,HY,U,4,0.7028,FALSE,3,Cattle,Late,2013,0,0.5,NA
7/19/13,C3B,11:40,FALSE,1831,10683,KW-PS,AHY,M,1,0.7409,FALSE,3,Cattle,Late,2013,2,1.375,NA
7/19/13,C3SA,7:32,FALSE,1831,10678,DS-PG,AHY,M,2,0.9655,FALSE,3,Cattle,Late,2013,2,0.833333333,NA
7/19/13,C3SA,7:32,FALSE,1831,10677,AY-SB,AHY,F,2,0.9565,FALSE,3,Cattle,Late,2013,2,0.833333333,NA
7/19/13,C3SA,9:30,FALSE,1831,10679,DR-SW,AHY,M,1,1.28576,FALSE,3,Cattle,Late,2013,2,0.833333333,NA
7/20/13,2D,9:16,FALSE,1831,10690,SO-OK,AHY,M,3,0.8505,FALSE,2,None,Late,2013,0,0.8,NA
7/20/13,2D,6:29,FALSE,1831,10686,NA,HY,U,1,0.98748,FALSE,2,None,Late,2013,0,0.8,NA
7/20/13,2D,6:33,FALSE,1831,10684,YG-SG,AHY,M,2,0.82175,FALSE,2,None,Late,2013,0,0.8,NA
7/20/13,2D,7:45,FALSE,1831,10687,NA,HY,U,3,1.30605,FALSE,2,None,Late,2013,0,0.8,NA
7/20/13,2D,8:28,FALSE,1831,10689,OW-DS,AHY,M,0,0.88527,TRUE,2,None,Late,2013,0,0.8,NA
7/20/13,2D,10:45,FALSE,1831,10691,YP-SP,AHY,M,1,1.04064,TRUE,2,None,Late,2013,0,0.8,NA
7/20/13,2D,8:00,FALSE,1831,10688,PP-SD,HY,M,1,1.21503,FALSE,2,None,Late,2013,0,0.8,NA
7/22/13,C1A,6:58,FALSE,1320,83979,SD-DO,AHY,M,0,-999,FALSE,1,Cattle,Late,2013,0,NA,NA
7/23/13,C3B,7:03,FALSE,1831,10692,NA,HY,U,1,0.48681,FALSE,3,Cattle,Late,2013,2,1.375,NA
7/25/13,C3B,10:07,FALSE,1831,10697,NA,HY,U,2,0.652,FALSE,3,Cattle,Late,2013,2,1.375,NA
7/25/13,C3B,9:50,FALSE,1831,10696,NA,HY,U,2,0.78535,FALSE,3,Cattle,Late,2013,2,1.375,NA
7/25/13,C3C,7:30,FALSE,1831,10693,NA,HY,U,1,0.89965,FALSE,3,Cattle,Late,2013,1,1.333333333,NA
7/25/13,C3C,9:15,FALSE,1831,10694,KA-AS,AHY,F,2,2.0005,FALSE,3,Cattle,Late,2013,1,1.333333333,NA
7/25/13,C3C,9:15,FALSE,1831,10695,PR-KS,AHY,M,0,0.92649,FALSE,3,Cattle,Late,2013,1,1.333333333,NA
7/30/13,C3B,8:45,FALSE,1320,83980,SY-YP,AHY,M,0,-999,FALSE,3,Cattle,Late,2013,2,1.375,NA
7/31/13,C3C,7:40,FALSE,1320,83981,SY-GY,AHY,M,0,-999,FALSE,3,Cattle,Late,2013,1,1.333333333,NA
7/31/13,C3C,7:52,FALSE,1831,10698,AP-OS,AHY,M,0,-999,FALSE,3,Cattle,Late,2013,1,1.333333333,NA
7/31/13,K2A,9:55,FALSE,1831,10699,PD-SB,AHY,M,0,-999,FALSE,2,None,Late,2013,1,1.166666667,NA
8/22/13,C3SA,7:44,FALSE,1831,10705,NA,HY,U,1,-999,FALSE,3,Cattle,NA,2013,2,NA,NA
8/22/13,C3SA,7:07,FALSE,1831,10700,NA,HY,U,2,-999,FALSE,3,Cattle,NA,2013,2,NA,NA
8/22/13,C3SA,7:25,FALSE,1831,10701,NA,HY,U,1,0.39156,TRUE,3,Cattle,NA,2013,2,NA,NA
8/22/13,C3SA,7:25,FALSE,1831,10702,NA,HY,U,0,-999,FALSE,3,Cattle,NA,2013,2,NA,NA
8/22/13,C3SA,7:44,FALSE,1831,10704,NA,HY,U,2,-999,FALSE,3,Cattle,NA,2013,2,NA,NA
8/22/13,C3SA,8:05,FALSE,1831,10706,AK-PS,AHY,F,2,-999,FALSE,3,Cattle,NA,2013,2,NA,NA
8/22/13,C3SA,8:30,FALSE,1831,10707,NA,HY,U,2,0.5358,TRUE,3,Cattle,NA,2013,2,NA,NA
8/22/13,C3SA,7:44,FALSE,1831,10703,NA,HY,U,1,0.63196,FALSE,3,Cattle,NA,2013,2,NA,NA
9/3/13,C3A,6:50,FALSE,1831,10755,NA,HY,U,0,-999,FALSE,3,Cattle,NA,2013,0,NA,NA
9/3/13,C3A,6:50,FALSE,1831,10751,NA,HY,U,3,-999,FALSE,3,Cattle,NA,2013,0,NA,NA
9/3/13,C3A,6:50,FALSE,1831,10752,YP-SK,HY,M,2,-999,FALSE,3,Cattle,NA,2013,0,NA,NA
9/3/13,C3A,6:50,FALSE,1831,10753,NA,HY,U,0,-999,FALSE,3,Cattle,NA,2013,0,NA,NA
9/3/13,C3A,7:30,FALSE,1831,10756,NA,HY,U,2,-999,FALSE,3,Cattle,NA,2013,0,NA,NA
9/3/13,C3A,6:50,FALSE,1831,10754,YP-YS,HY,M,2,-999,FALSE,3,Cattle,NA,2013,0,NA,NA
9/6/13,COA,7:02,FALSE,1831,10757,NA,HY,U,2,-999,FALSE,1,Cattle,NA,2013,0,NA,NA
9/24/13,K1B,7:30,FALSE,1831,10758,NA,U,U,3,-999,FALSE,1,None,NA,2013,0,NA,NA
9/24/13,K1B,7:45,FALSE,1831,10759,NA,HY,U,2,-999,FALSE,1,None,NA,2013,0,NA,NA
4/25/14,2D,7:42,FALSE,1831,10216,SA-KY,AHY,M,4,1.143288,FALSE,2,None,Early,2014,1,3.333333333,0.735868667
4/25/14,2D,7:10,TRUE,1831,10561,YP-KS,ASY,M,4,1.294104,FALSE,2,None,Early,2014,1,3.333333333,0.735868667
4/25/14,2D,8:40,FALSE,1831,10217,SG-BO,AHY,M,3,1.220114,FALSE,2,None,Early,2014,1,3.333333333,0.735868667
4/28/14,2D,7:45,FALSE,1831,10219,BW-SK,AHY,M,2,0.985434,FALSE,2,None,Early,2014,1,3.333333333,0.735868667
4/28/14,2D,7:30,FALSE,1831,10218,WK-SG,AHY,M,0,1.470056,FALSE,2,None,Early,2014,1,3.333333333,0.735868667
4/30/14,COB,7:20,FALSE,1831,10220,DO-BS,AHY,M,3,-999,FALSE,1,Cattle,Early,2014,0,4,2.501123
5/2/14,N2B,11:40,FALSE,1831,10226,SG-WY,AHY,M,1,1.759244,FALSE,2,Bison,Early,2014,1,4.25,2.032473667
5/2/14,N2B,7:52,FALSE,1831,10221,KW-OS,AHY,M,0,1.448451,FALSE,2,Bison,Early,2014,1,4.25,2.032473667
5/2/14,N2B,8:11,FALSE,1831,10222,YS-PK,AHY,M,1,0.883951,FALSE,2,Bison,Early,2014,1,4.25,2.032473667
5/2/14,N2B,9:08,FALSE,1831,10223,OP-YS,AHY,M,1,0.909322,FALSE,2,Bison,Early,2014,1,4.25,2.032473667
5/2/14,N2B,10:07,FALSE,1831,10224,SO-GA,AHY,M,1,1.194743,FALSE,2,Bison,Early,2014,1,4.25,2.032473667
5/2/14,N2B,10:30,FALSE,1831,10225,OS-DG,AHY,M,0,0.955533,FALSE,2,Bison,Early,2014,1,4.25,2.032473667
5/3/14,C3SB,9:47,FALSE,1831,10230,SO-GD,AHY,M,1,0.553241,FALSE,3,Cattle,Early,2014,1,7.25,2.341138
5/3/14,C3SC,9:35,FALSE,1831,10229,DY-DS,AHY,M,0,0.723356,FALSE,3,Cattle,Early,2014,2,3.75,2.725976
5/3/14,C3SC,10:27,FALSE,1831,10231,RK-RS,AHY,M,1,0.897524,FALSE,3,Cattle,Early,2014,2,3.75,2.725976
5/3/14,C3SC,7:50,FALSE,1831,10227,GR-YS,AHY,M,1,1.152127,FALSE,3,Cattle,Early,2014,2,3.75,2.725976
5/3/14,C3SC,8:35,FALSE,1831,10228,WS-WK,AHY,M,0,1.310593,FALSE,3,Cattle,Early,2014,2,3.75,2.725976
5/9/14,C3C,9:28,FALSE,1831,10251,OS-PB,AHY,M,0,0.845709,FALSE,3,Cattle,Early,2014,2,8.166666667,2.253154667
5/9/14,C3C,8:20,FALSE,1831,10244,DS-WG,AHY,M,0,1.113635,FALSE,3,Cattle,Early,2014,2,8.166666667,2.253154667
5/9/14,C3C,8:30,FALSE,1831,10245,WS-PG,AHY,M,0,-999,FALSE,3,Cattle,Early,2014,2,8.166666667,2.253154667
5/9/14,C3C,8:30,FALSE,1831,10246,BR-SA,AHY,M,0,0.918859,FALSE,3,Cattle,Early,2014,2,8.166666667,2.253154667
5/9/14,C3C,8:48,FALSE,1831,10247,PS-GD,AHY,M,0,1.362825,FALSE,3,Cattle,Early,2014,2,8.166666667,2.253154667
5/9/14,C3C,8:54,FALSE,1831,10248,BS-DK,AHY,M,0,0.958033,FALSE,3,Cattle,Early,2014,2,8.166666667,2.253154667
5/9/14,C3C,9:09,FALSE,1831,10250,SG-DR,AHY,F,3,1.279494,FALSE,3,Cattle,Early,2014,2,8.166666667,2.253154667
5/9/14,C3C,9:38,FALSE,1831,10252,SR-YG,AHY,M,1,0.928638,FALSE,3,Cattle,Early,2014,2,8.166666667,2.253154667
5/9/14,C3C,9:42,FALSE,1831,10253,BS-OY,AHY,M,0,-999,FALSE,3,Cattle,Early,2014,2,8.166666667,2.253154667
5/9/14,C3C,10:14,FALSE,1831,10254,RG-SG,AHY,M,0,-999,FALSE,3,Cattle,Early,2014,2,8.166666667,2.253154667
5/9/14,C3C,11:08,FALSE,1831,10255,OO-SW,AHY,M,0,1.209323,FALSE,3,Cattle,Early,2014,2,8.166666667,2.253154667
5/9/14,C3C,9:05,FALSE,1831,10249,SP-PY,AHY,M,0,1.101669,FALSE,3,Cattle,Early,2014,2,8.166666667,2.253154667
5/9/14,C3C,7:47,FALSE,1831,10241,DD-SW,AHY,M,0,1.126394,FALSE,3,Cattle,Early,2014,2,8.166666667,2.253154667
5/9/14,C3C,8:19,FALSE,1831,10243,SY-BK,AHY,M,0,0.871226,FALSE,3,Cattle,Early,2014,2,8.166666667,2.253154667
5/9/14,C3C,6:55,FALSE,1831,10235,WK-SR,AHY,M,0,0.577782,FALSE,3,Cattle,Early,2014,2,8.166666667,2.253154667
5/9/14,C3C,6:35,FALSE,1831,10232,KK-YS,AHY,M,1,0.692608,FALSE,3,Cattle,Early,2014,2,8.166666667,2.253154667
5/9/14,C3C,6:52,FALSE,1831,10234,YD-AS,AHY,M,0,0.392786,TRUE,3,Cattle,Early,2014,2,8.166666667,2.253154667
5/9/14,C3C,7:00,FALSE,1831,10236,OB-SG,AHY,M,0,1.597865,FALSE,3,Cattle,Early,2014,2,8.166666667,2.253154667
5/9/14,C3C,7:15,FALSE,1831,10237,BS-GK,AHY,M,0,1.049437,FALSE,3,Cattle,Early,2014,2,8.166666667,2.253154667
5/9/14,C3C,7:36,FALSE,1831,10238,SO-KR,AHY,M,0,0.925388,FALSE,3,Cattle,Early,2014,2,8.166666667,2.253154667
5/9/14,C3C,7:36,FALSE,1831,10239,SR-AW,AHY,M,0,1.369353,FALSE,3,Cattle,Early,2014,2,8.166666667,2.253154667
5/9/14,C3C,7:37,FALSE,1831,10240,GD-SP,AHY,M,0,1.317122,FALSE,3,Cattle,Early,2014,2,8.166666667,2.253154667
5/9/14,C3C,6:39,FALSE,1831,10233,RW-GS,AHY,F,4,6.775694,FALSE,3,Cattle,Early,2014,2,8.166666667,2.253154667
5/9/14,C3C,8:14,FALSE,1831,10242,WS-RY,AHY,M,0,1.190186,FALSE,3,Cattle,Early,2014,2,8.166666667,2.253154667
5/10/14,C3A,7:31,FALSE,1831,10262,DR-BS,AHY,M,1,1.017947,FALSE,3,Cattle,Early,2014,1,3.666666667,7.64407
5/10/14,C3A,6:19,FALSE,1831,10256,SK-KK,AHY,M,1,0.742579,FALSE,3,Cattle,Early,2014,1,3.666666667,7.64407
5/10/14,C3A,6:29,FALSE,1831,10257,DY-SG,AHY,M,2,1.075553,FALSE,3,Cattle,Early,2014,1,3.666666667,7.64407
5/10/14,C3A,6:29,FALSE,1831,10258,PS-OK,AHY,M,0,1.042908,FALSE,3,Cattle,Early,2014,1,3.666666667,7.64407
5/10/14,C3A,6:46,FALSE,1831,10259,PY-YS,AHY,M,2,0.925388,FALSE,3,Cattle,Early,2014,1,3.666666667,7.64407
5/10/14,C3A,9:49,FALSE,1831,10268,YY-YS,AHY,M,1,1.264891,FALSE,3,Cattle,Early,2014,1,3.666666667,7.64407
5/10/14,C3A,7:09,FALSE,1831,10261,OG-PS,AHY,M,0,0.660712,FALSE,3,Cattle,Early,2014,1,3.666666667,7.64407
5/10/14,C3A,9:20,FALSE,1831,10267,BS-BD,AHY,M,0,1.480345,FALSE,3,Cattle,Early,2014,1,3.666666667,7.64407
5/10/14,C3A,7:50,FALSE,1831,10263,PY-DS,AHY,M,0,0.67985,FALSE,3,Cattle,Early,2014,1,3.666666667,7.64407
5/10/14,C3A,8:41,FALSE,1831,10264,YY-RS,AHY,M,1,1.547421,FALSE,3,Cattle,Early,2014,1,3.666666667,7.64407
5/10/14,C3A,7:06,FALSE,1831,10260,RR-RS,AHY,M,1,0.667091,FALSE,3,Cattle,Early,2014,1,3.666666667,7.64407
5/10/14,C3A,9:56,FALSE,1831,10269,WW-BS,AHY,M,1,1.336709,FALSE,3,Cattle,Early,2014,1,3.666666667,7.64407
5/10/14,C3A,8:25,FALSE,1831,10265,GG-RS,AHY,M,0,-999,FALSE,3,Cattle,Early,2014,1,3.666666667,7.64407
5/10/14,C3A,9:08,FALSE,1831,10266,KY-PS,AHY,M,0,1.793732,FALSE,3,Cattle,Early,2014,1,3.666666667,7.64407
5/13/14,C3A,8:40,TRUE,1831,10752,YP-SK,SY,M,0,-999,FALSE,3,Cattle,Early,2014,1,3.666666667,7.64407
5/13/14,C3A,7:05,FALSE,1320,83983,SY-GO,AHY,M,0,-999,FALSE,3,Cattle,Early,2014,1,3.666666667,7.64407
5/13/14,C3A,6:45,FALSE,1320,83982,SY-YW,AHY,M,1,-999,FALSE,3,Cattle,Early,2014,1,3.666666667,7.64407
5/13/14,C3A,9:00,FALSE,1320,83984,SD-DR,AHY,M,0,-999,FALSE,3,Cattle,Early,2014,1,3.666666667,7.64407
5/14/14,C3C,7:35,FALSE,1320,83987,SY-GPx,AHY,M,0,-999,FALSE,3,Cattle,Early,2014,2,8.166666667,2.253154667
5/14/14,C3C,8:20,FALSE,1320,83988,SD-DD,AHY,M,1,-999,FALSE,3,Cattle,Early,2014,2,8.166666667,2.253154667
5/14/14,C3C,8:30,FALSE,1320,83989,RD-SK,AHY,M,1,-999,FALSE,3,Cattle,Early,2014,2,8.166666667,2.253154667
5/14/14,C3C,7:00,FALSE,1320,83985,SY-OP,AHY,M,0,-999,FALSE,3,Cattle,Early,2014,2,8.166666667,2.253154667
5/16/14,COB,6:50,FALSE,1831,10270,SK-KA,AHY,M,0,1.131316,FALSE,1,Cattle,Early,2014,0,4,2.501123
5/16/14,COB,7:20,FALSE,1831,10271,SR-OK,AHY,M,3,2.323744,FALSE,1,Cattle,Early,2014,0,4,2.501123
5/16/14,COB,8:48,FALSE,1831,10272,YR-RS,AHY,M,0,1.036176,FALSE,1,Cattle,Early,2014,0,4,2.501123
5/16/14,COB,10:01,FALSE,1831,10273,GP-SG,AHY,M,0,1.315255,FALSE,1,Cattle,Early,2014,0,4,2.501123
5/17/14,C3SB,9:40,FALSE,1831,10274,YS-RG,AHY,M,0,0.814397,FALSE,3,Cattle,Early,2014,1,7.25,2.341138
5/17/14,C3SB,10:20,FALSE,1831,10275,SO-BB,AHY,M,0,-999,FALSE,3,Cattle,Early,2014,1,7.25,2.341138
5/17/14,C3SB,13:10,FALSE,1831,10282,OG-KS,AHY,M,1,2.120177,FALSE,3,Cattle,Early,2014,1,7.25,2.341138
5/17/14,C3SB,11:00,TRUE,1831,10535,GS-KD,ASY,M,1,1.005189,FALSE,3,Cattle,Early,2014,1,7.25,2.341138
5/17/14,C3SB,11:27,FALSE,1831,10276,DS-RR,AHY,M,0,1.273115,FALSE,3,Cattle,Early,2014,1,7.25,2.341138
5/17/14,C3SB,11:28,FALSE,1831,10277,SO-WY,AHY,M,1,0.211625,TRUE,3,Cattle,Early,2014,1,7.25,2.341138
5/17/14,C3SB,12:05,FALSE,1831,10278,SY-WG,AHY,M,1,1.936552,FALSE,3,Cattle,Early,2014,1,7.25,2.341138
5/17/14,C3SB,12:10,FALSE,1831,10279,SG-OD,AHY,M,2,1.356296,FALSE,3,Cattle,Early,2014,1,7.25,2.341138
5/17/14,C3SB,12:26,FALSE,1831,10281,YG-KS,AHY,M,1,-999,FALSE,3,Cattle,Early,2014,1,7.25,2.341138
5/17/14,C3SB,12:26,FALSE,1831,10280,BW-RS,AHY,M,4,-999,FALSE,3,Cattle,Early,2014,1,7.25,2.341138
5/20/14,C1A,8:30,FALSE,1320,83990,SY-RDx,AHY,M,0,-999,FALSE,1,Cattle,Early,2014,0,NA,NA
5/20/14,C1A,10:40,FALSE,1320,83991,SY-RY,AHY,M,0,-999,FALSE,1,Cattle,Early,2014,0,NA,NA
5/20/14,C1A,10:40,FALSE,1320,83992,SD-DY,AHY,F,2,-999,FALSE,1,Cattle,Early,2014,0,NA,NA
5/20/14,C3SB,6:43,FALSE,1831,10283,WD-AS,AHY,M,2,1.075553,FALSE,3,Cattle,Early,2014,1,7.25,2.341138
5/20/14,C3SB,9:23,FALSE,1831,10284,SG-WR,AHY,M,1,1.166958,FALSE,3,Cattle,Early,2014,1,7.25,2.341138
5/20/14,C3SB,10:25,FALSE,1831,10285,YO-RS,AHY,M,0,1.145531,FALSE,3,Cattle,Early,2014,1,7.25,2.341138
5/21/14,C3SB,12:20,FALSE,1831,10291,SP-WG,AHY,M,1,1.108197,FALSE,3,Cattle,Early,2014,1,7.25,2.341138
5/21/14,C3SB,12:30,FALSE,1831,10292,SW-OY,AHY,M,4,1.741501,FALSE,3,Cattle,Early,2014,1,7.25,2.341138
5/21/14,C3SB,13:08,FALSE,1831,10293,SK-BD,AHY,M,2,2.655547,FALSE,3,Cattle,Early,2014,1,7.25,2.341138
5/21/14,C3SB,10:55,FALSE,1831,10289,AK-KS,AHY,F,2,-999,FALSE,3,Cattle,Early,2014,1,7.25,2.341138
5/21/14,C3SB,9:43,FALSE,1831,10288,KW-WS,AHY,M,0,1.228461,FALSE,3,Cattle,Early,2014,1,7.25,2.341138
5/21/14,C3SB,11:38,FALSE,1831,10290,RS-BO,AHY,M,0,1.362424,FALSE,3,Cattle,Early,2014,1,7.25,2.341138
5/21/14,C3SB,8:25,FALSE,1831,10286,GS-YG,AHY,M,0,1.285874,FALSE,3,Cattle,Early,2014,1,7.25,2.341138
5/21/14,C3SB,9:20,FALSE,1831,10287,YP-SY,AHY,M,0,1.324149,FALSE,3,Cattle,Early,2014,1,7.25,2.341138
5/21/14,C3SB,9:30,TRUE,1831,10560,AG-SR,ASY,M,3,-999,FALSE,3,Cattle,Early,2014,1,7.25,2.341138
5/22/14,C3C,9:35,FALSE,1831,10295,GS-KK,AHY,M,1,1.519518,FALSE,3,Cattle,Early,2014,2,8.166666667,2.253154667
5/23/14,C3C,8:50,FALSE,1320,83994,SD-WW,AHY,M,0,-999,FALSE,3,Cattle,Early,2014,2,8.166666667,2.253154667
5/23/14,C3C,7:10,FALSE,1320,83993,SY-OG,AHY,M,0,-999,FALSE,3,Cattle,Early,2014,2,8.166666667,2.253154667
5/25/14,C3B,11:51,FALSE,1831,10294,KA-OS,AHY,F,0,-999,FALSE,3,Cattle,Early,2014,0,2,2.592033333
5/25/14,C3B,11:15,TRUE,1320,83989,RD-SK,AHY,M,0,1.145531,FALSE,3,Cattle,Early,2014,0,2,2.592033333
5/26/14,C3A,9:44,FALSE,1320,83995,SY-YO,AHY,M,0,-999,FALSE,3,Cattle,Early,2014,1,3.666666667,7.64407
5/26/14,C3C,8:31,FALSE,1831,10296,SO-KW,AHY,M,0,0.667091,FALSE,3,Cattle,Early,2014,2,8.166666667,2.253154667
5/26/14,C3C,9:18,FALSE,1831,10297,DS-BY,AHY,M,0,0.960534,FALSE,3,Cattle,Early,2014,2,8.166666667,2.253154667
5/26/14,C3C,10:50,FALSE,1831,10298,BS-KG,AHY,M,0,1.356045,FALSE,3,Cattle,Early,2014,2,8.166666667,2.253154667
5/26/14,C3C,11:30,FALSE,1831,10299,WR-RS,AHY,M,1,0.67985,FALSE,3,Cattle,Early,2014,2,8.166666667,2.253154667
5/27/14,C1A,8:15,FALSE,1320,83996,SD-DK,AHY,M,2,-999,FALSE,1,Cattle,Early,2014,0,NA,NA
5/28/14,C3A,7:31,FALSE,1831,10772,AK-SW,AHY,F,0,2.015715,FALSE,3,Cattle,Early,2014,1,3.666666667,7.64407
5/28/14,C3A,6:28,FALSE,1831,10300,SB-YK,AHY,M,1,1.127784,FALSE,3,Cattle,Early,2014,1,3.666666667,7.64407
5/28/14,C3A,10:30,TRUE,1831,10256,SK-KK,AHY,M,0,0.99243,FALSE,3,Cattle,Early,2014,1,3.666666667,7.64407
5/28/14,C3A,12:08,TRUE,1831,10266,KY-PS,AHY,M,2,2.472405,FALSE,3,Cattle,Early,2014,1,3.666666667,7.64407
5/28/14,C3A,12:08,FALSE,1831,10781,SK-BK,AHY,F,1,2.498853,FALSE,3,Cattle,Early,2014,1,3.666666667,7.64407
5/28/14,C3A,13:10,FALSE,1831,10782,WG-SG,AHY,M,3,1.715385,FALSE,3,Cattle,Early,2014,1,3.666666667,7.64407
5/28/14,C3A,9:48,FALSE,1831,10779,BP-SR,AHY,M,0,1.828106,FALSE,3,Cattle,Early,2014,1,3.666666667,7.64407
5/28/14,C3A,9:06,FALSE,1831,10778,YO-SR,AHY,M,0,0.941397,FALSE,3,Cattle,Early,2014,1,3.666666667,7.64407
5/28/14,C3A,10:25,FALSE,1831,10780,GS-BY,AHY,M,1,2.096032,FALSE,3,Cattle,Early,2014,1,3.666666667,7.64407
5/28/14,C3A,7:33,FALSE,1831,10776,YS-GR,AHY,M,0,0.742579,FALSE,3,Cattle,Early,2014,1,3.666666667,7.64407
5/28/14,C3A,8:25,FALSE,1831,10777,OS-GO,AHY,M,2,0.873157,FALSE,3,Cattle,Early,2014,1,3.666666667,7.64407
5/30/14,C3A,11:52,FALSE,1831,10787,PG-SR,AHY,M,1,2.91257,FALSE,3,Cattle,Mid,2014,1,4.625,9.907681667
5/30/14,C3A,10:40,FALSE,1831,10786,AA-AS,AHY,F,0,1.024326,FALSE,3,Cattle,Mid,2014,1,4.625,9.907681667
5/30/14,C3A,10:35,FALSE,1831,10785,GB-WS,AHY,M,0,1.132773,FALSE,3,Cattle,Mid,2014,1,4.625,9.907681667
5/30/14,C3A,8:55,TRUE,1831,10263,PY-DS,AHY,M,0,0.579357,FALSE,3,Cattle,Mid,2014,1,4.625,9.907681667
5/30/14,C3A,8:00,FALSE,1831,10784,BS-WB,AHY,F,0,-999,FALSE,3,Cattle,Mid,2014,1,4.625,9.907681667
5/30/14,C3A,6:42,FALSE,1831,10783,KG-OS,AHY,M,1,1.532576,FALSE,3,Cattle,Mid,2014,1,4.625,9.907681667
5/31/14,2D,12:58,FALSE,1831,10791,GK-SP,AHY,M,1,1.581648,FALSE,2,None,Mid,2014,1,2,1.554108667
5/31/14,2D,13:30,FALSE,1831,10792,WS-AA,AHY,F,0,-999,FALSE,2,None,Mid,2014,1,2,1.554108667
5/31/14,C3B,9:30,TRUE,1831,10673,OR-KS,SY,M,0,1.745716,FALSE,3,Cattle,Mid,2014,0,2,4.49848
5/31/14,C3SB,10:44,FALSE,1831,10790,AB-AS,AHY,F,0,2.276455,FALSE,3,Cattle,Mid,2014,1,3.75,4.103560333
5/31/14,C3SC,8:00,FALSE,1831,10788,KR-SK,AHY,M,0,1.024326,FALSE,3,Cattle,Mid,2014,2,5.25,2.240921333
5/31/14,C3SC,7:57,FALSE,1831,10789,SB-GB,AHY,M,0,0.861239,FALSE,3,Cattle,Mid,2014,2,5.25,2.240921333
6/2/14,C3A,8:20,TRUE,1831,10300,SB-YK,AHY,M,1,1.187823,FALSE,3,Cattle,Mid,2014,1,4.625,9.907681667
6/2/14,C3A,11:10,FALSE,1320,83997,SY-OY,AHY,F,0,1.740268,FALSE,3,Cattle,Mid,2014,1,4.625,9.907681667
6/2/14,C3A,11:45,TRUE,1831,10513,SW-GY,ASY,M,0,1.843484,FALSE,3,Cattle,Mid,2014,1,4.625,9.907681667
6/2/14,C3B,7:10,FALSE,1831,10793,OS-DR,AHY,M,0,1.201011,FALSE,3,Cattle,Mid,2014,0,2,4.49848
6/2/14,C3B,7:50,FALSE,1831,10794,GG-WS,AHY,M,0,1.326712,FALSE,3,Cattle,Mid,2014,0,2,4.49848
6/2/14,C3B,10:40,TRUE,1831,10532,YS-YR,ASY,M,0,1.312746,FALSE,3,Cattle,Mid,2014,0,2,4.49848
6/2/14,C3B,9:08,FALSE,1831,10795,PO-SP,AHY,M,0,-999,FALSE,3,Cattle,Mid,2014,0,2,4.49848
6/2/14,C3B,12:07,FALSE,1831,10797,OS-DO,AHY,M,1,1.983152,FALSE,3,Cattle,Mid,2014,0,2,4.49848
6/2/14,C3B,12:09,FALSE,1831,10798,RR-DS,AHY,M,2,1.006379,FALSE,3,Cattle,Mid,2014,0,2,4.49848
6/2/14,C3B,9:32,FALSE,1831,10796,YD-SG,AHY,M,4,2.445212,FALSE,3,Cattle,Mid,2014,0,2,4.49848
6/3/14,1D,8:00,FALSE,1320,83998,SY-RG,AHY,M,0,-999,FALSE,1,None,Mid,2014,0,NA,NA
6/4/14,COA,9:00,FALSE,1831,10402,DS-RY,AHY,M,0,1.60202,FALSE,1,Cattle,Mid,2014,0,4,5.01237
6/4/14,COA,7:15,FALSE,1831,10799,PR-DS,AHY,M,0,1.676789,FALSE,1,Cattle,Mid,2014,0,4,5.01237
6/4/14,COA,8:17,FALSE,1831,10401,KB-SW,AHY,M,0,1.262684,FALSE,1,Cattle,Mid,2014,0,4,5.01237
6/4/14,COA,9:08,FALSE,1831,10403,WY-SO,AHY,M,0,1.251828,FALSE,1,Cattle,Mid,2014,0,4,5.01237
6/4/14,COA,10:21,FALSE,1831,10404,SR-KG,AHY,M,0,1.166642,FALSE,1,Cattle,Mid,2014,0,4,5.01237
6/4/14,COA,11:45,FALSE,1831,10405,SG-DG,AHY,M,1,1.60202,FALSE,1,Cattle,Mid,2014,0,4,5.01237
6/4/14,COA,12:38,FALSE,1831,10406,PS-BY,AHY,M,0,1.796824,FALSE,1,Cattle,Mid,2014,0,4,5.01237
6/4/14,COA,7:45,FALSE,1831,10800,AA-BS,AHY,F,0,14.62649,FALSE,1,Cattle,Mid,2014,0,4,5.01237
6/6/14,C3SB,14:00,FALSE,1831,10815,NA,HY,U,-9,3.063513,FALSE,3,Cattle,Mid,2014,1,3.75,4.103560333
6/6/14,N2B,10:45,FALSE,1831,10412,AA-WS,AHY,F,0,1.09553,FALSE,2,Bison,Mid,2014,1,5.833333333,8.390132333
6/6/14,N2B,11:50,FALSE,1831,10417,KW-SD,AHY,M,2,1.218696,FALSE,2,Bison,Mid,2014,1,5.833333333,8.390132333
6/6/14,N2B,13:20,FALSE,1831,10418,RK-GS,AHY,M,1,1.743456,FALSE,2,Bison,Mid,2014,1,5.833333333,8.390132333
6/6/14,N2B,13:33,FALSE,1831,10419,DS-OG,AHY,M,2,1.587991,FALSE,2,Bison,Mid,2014,1,5.833333333,8.390132333
6/6/14,N2B,8:32,FALSE,1831,10410,SD-GA,AHY,M,0,1.340625,FALSE,2,Bison,Mid,2014,1,5.833333333,8.390132333
6/6/14,N2B,8:26,FALSE,1831,10409,WY-OS,AHY,M,0,1.114205,FALSE,2,Bison,Mid,2014,1,5.833333333,8.390132333
6/6/14,N2B,14:20,FALSE,1831,10420,AB-BS,AHY,F,1,3.915762,FALSE,2,Bison,Mid,2014,1,5.833333333,8.390132333
6/6/14,N2B,9:40,FALSE,1831,10411,RB-RS,AHY,M,0,1.545464,FALSE,2,Bison,Mid,2014,1,5.833333333,8.390132333
6/6/14,N2B,6:30,FALSE,1831,10407,SB-KP,AHY,M,1,1.02349,FALSE,2,Bison,Mid,2014,1,5.833333333,8.390132333
6/6/14,N2B,7:40,FALSE,1831,10408,RK-SP,AHY,M,0,1.302569,FALSE,2,Bison,Mid,2014,1,5.833333333,8.390132333
6/8/14,C3C,9:45,FALSE,1831,10424,DA-AS,AHY,F,0,2.651448,FALSE,3,Cattle,Mid,2014,2,6.5,3.558937
6/8/14,C3C,7:57,FALSE,1831,10421,OK-KS,AHY,M,0,1.048861,FALSE,3,Cattle,Mid,2014,2,6.5,3.558937
6/8/14,C3SB,11:08,FALSE,1831,10425,PO-DS,AHY,M,0,-999,FALSE,3,Cattle,Mid,2014,1,3.75,4.103560333
6/8/14,C3SB,13:15,FALSE,1831,10432,WS-KK,AHY,F,0,1.63344,FALSE,3,Cattle,Mid,2014,1,3.75,4.103560333
6/8/14,C3SB,14:31,FALSE,1831,10433,AS-BB,AHY,F,2,1.909936,FALSE,3,Cattle,Mid,2014,1,3.75,4.103560333
6/8/14,C3SB,15:00,FALSE,1831,10437,PG-DS,AHY,M,0,-999,FALSE,3,Cattle,Mid,2014,1,3.75,4.103560333
6/9/14,C3C,12:36,FALSE,1831,10819,NA,HY,U,-9,1.220114,FALSE,3,Cattle,Mid,2014,2,6.5,3.558937
6/10/14,C3C,10:35,TRUE,1831,10247,PS-GD,AHY,M,1,1.771929,FALSE,3,Cattle,Mid,2014,2,6.5,3.558937
6/10/14,K1B,12:15,FALSE,1831,10444,GW-RS,AHY,M,3,2.127998,FALSE,1,None,Mid,2014,0,0,8.755054667
6/11/14,N1A,7:00,FALSE,1831,10445,GS-WY,AHY,M,0,0.595655,FALSE,1,Bison,Mid,2014,0,0.333333333,10.74580967
6/11/14,N2B,9:06,FALSE,1831,10446,PY-KS,AHY,M,1,2.76139,FALSE,2,Bison,Mid,2014,1,5.833333333,8.390132333
6/11/14,N2B,10:35,FALSE,1831,10447,OK-AS,AHY,M,0,1.49285,FALSE,2,Bison,Mid,2014,1,5.833333333,8.390132333
6/11/14,N2B,11:50,FALSE,1831,10448,DS-DY,AHY,M,0,1.281536,FALSE,2,Bison,Mid,2014,1,5.833333333,8.390132333
6/11/14,N2B,13:35,FALSE,1831,10449,SY-AR,AHY,M,1,2.431508,FALSE,2,Bison,Mid,2014,1,5.833333333,8.390132333
6/11/14,N2B,14:10,FALSE,1831,10450,WK-SK,AHY,F,1,1.545464,FALSE,2,Bison,Mid,2014,1,5.833333333,8.390132333
6/12/14,2D,11:18,FALSE,1831,10891,WW-SY,AHY,F,0,1.784614,FALSE,2,None,Mid,2014,1,2,1.554108667
6/12/14,C3SC,7:52,FALSE,1831,10892,GG-SY,AHY,F,0.5,1.195774,FALSE,3,Cattle,Mid,2014,2,5.25,2.240921333
6/12/14,C3SC,7:05,FALSE,1831,10893,YD-SY,AHY,M,0,1.75912,FALSE,3,Cattle,Mid,2014,2,5.25,2.240921333
6/13/14,C3B,11:40,FALSE,1831,10453,SB-PR,AHY,M,1,-999,FALSE,3,Cattle,Mid,2014,0,2,4.49848
6/13/14,C3B,7:30,TRUE,1831,10234,YD-AS,AHY,M,0,-999,FALSE,3,Cattle,Mid,2014,0,2,4.49848
6/13/14,C3B,10:05,FALSE,1831,10451,WB-BS,AHY,F,0,-999,FALSE,3,Cattle,Mid,2014,0,2,4.49848
6/13/14,C3B,10:25,FALSE,1831,10452,GS-WD,AHY,M,0,-999,FALSE,3,Cattle,Mid,2014,0,2,4.49848
6/13/14,C3C,7:45,TRUE,1831,10233,RW-GS,AHY,F,0,-999,FALSE,3,Cattle,Mid,2014,2,6.5,3.558937
6/13/14,COB,13:05,FALSE,1831,10454,WK-YS,AHY,M,0,-999,FALSE,1,Cattle,Mid,2014,0,6.75,9.950415333
6/13/14,COB,14:07,TRUE,1831,10503,KD-SY,ASY,M,0,-999,FALSE,1,Cattle,Mid,2014,0,6.75,9.950415333
6/16/14,C3SB,9:00,FALSE,1831,10457,RB-SR,AHY,M,0,-999,FALSE,3,Cattle,Mid,2014,1,3.75,4.103560333
6/16/14,C3SB,10:35,FALSE,1831,10456,AW-AS,AHY,F,1,1.619704,FALSE,3,Cattle,Mid,2014,1,3.75,4.103560333
6/16/14,C3SB,11:40,FALSE,1831,10458,KY-BS,AHY,F,2,2.000266,FALSE,3,Cattle,Mid,2014,1,3.75,4.103560333
6/16/14,C3SB,7:57,FALSE,1831,10455,BW-BS,AHY,F,1,1.426068,FALSE,3,Cattle,Mid,2014,1,3.75,4.103560333
6/16/14,C3SB,6:40,TRUE,1831,10425,PO-DS,AHY,M,1,0.953721,FALSE,3,Cattle,Mid,2014,1,3.75,4.103560333
6/16/14,C3SB,8:20,TRUE,1831,10535,GS-KD,ASY,M,0,0.866792,FALSE,3,Cattle,Mid,2014,1,3.75,4.103560333
6/20/14,C1A,7:10,FALSE,1320,84000,SY-OR,AHY,M,1,-999,FALSE,1,Cattle,Mid,2014,0,NA,NA
6/20/14,C3A,12:20,FALSE,1831,10870,KK-DS,AHY,F,2,1.306672,FALSE,3,Cattle,Mid,2014,1,4.625,9.907681667
6/20/14,C3SB,10:05,TRUE,1831,10458,KY-BS,AHY,F,-9,1.859664,FALSE,3,Cattle,Mid,2014,1,3.75,4.103560333
6/20/14,N2B,8:00,TRUE,1831,10447,OK-AS,AHY,M,0,1.473822,FALSE,2,Bison,Mid,2014,1,5.833333333,8.390132333
6/20/14,N2B,8:02,FALSE,1831,10871,OW-WS,AHY,F,0.5,3.268806,FALSE,2,Bison,Mid,2014,1,5.833333333,8.390132333
6/22/14,C3A,8:10,FALSE,1821,15358,SY-GG,AHY,M,0,-999,FALSE,3,Cattle,Late,2014,1,2.5,7.190787333
6/23/14,C3A,7:00,TRUE,1831,10260,RR-RS,AHY,M,-9,0.904496,FALSE,3,Cattle,Late,2014,1,2.5,7.190787333
6/23/14,C3A,8:10,TRUE,1821,15358,SY-GG,AHY,M,0.5,0.829088,FALSE,3,Cattle,Late,2014,1,2.5,7.190787333
6/24/14,C3A,7:20,FALSE,1831,10868,KG-DS,AHY,M,0.5,0.992472,FALSE,3,Cattle,Late,2014,1,2.5,7.190787333
6/24/14,C3A,7:40,FALSE,1831,10867,YO-WS,AHY,M,0,1.438636,FALSE,3,Cattle,Late,2014,1,2.5,7.190787333
6/24/14,C3A,6:40,FALSE,1831,10869,WP-SY,AHY,F,0,1.00504,FALSE,3,Cattle,Late,2014,1,2.5,7.190787333
6/24/14,C3A,7:50,FALSE,1831,10866,RR-WS,AHY,M,0,1.16303,FALSE,3,Cattle,Late,2014,1,2.5,7.190787333
6/24/14,C3A,8:21,FALSE,1831,10865,OO-WS,AHY,M,0,-999,FALSE,3,Cattle,Late,2014,1,2.5,7.190787333
6/26/14,2D,6:40,FALSE,1831,10821,PO-WS,AHY,M,1,-999,FALSE,2,None,Late,2014,1,3.5,2.416601667
6/26/14,2D,6:48,FALSE,1831,10822,DR-SY,AHY,F,1.5,1.218696,FALSE,2,None,Late,2014,1,3.5,2.416601667
6/26/14,2D,8:50,TRUE,1831,10792,WS-AA,AHY,F,1,1.877463,FALSE,2,None,Late,2014,1,3.5,2.416601667
6/26/14,2D,9:00,FALSE,1831,10459,DD-SY,AHY,M,0.5,1.848041,FALSE,2,None,Late,2014,1,3.5,2.416601667
6/26/14,C3C,11:20,FALSE,1831,10864,KA-DS,AHY,F,2,1.520328,FALSE,3,Cattle,Late,2014,2,3.75,4.890712333
7/1/14,C3SB,10:15,TRUE,1831,10284,SG-WR,AHY,M,1.5,0.875163,FALSE,3,Cattle,Late,2014,1,7.5,6.109564667
7/1/14,C3SB,7:25,FALSE,1831,10826,PY-WS,AHY,M,1,0.920028,FALSE,3,Cattle,Late,2014,1,7.5,6.109564667
7/1/14,C3SB,7:30,FALSE,1831,10827,DA-SY,AHY,F,1.5,1.041804,FALSE,3,Cattle,Late,2014,1,7.5,6.109564667
7/1/14,C3SB,8:25,FALSE,1831,10828,KY-DS,AHY,M,0.5,0.907209,FALSE,3,Cattle,Late,2014,1,7.5,6.109564667
7/1/14,C3SB,9:08,FALSE,1831,10829,KD-DS,AHY,F,2,0.554698,FALSE,3,Cattle,Late,2014,1,7.5,6.109564667
7/1/14,C3SB,10:00,FALSE,1831,10830,RA-WS,AHY,F,0.5,2.605674,FALSE,3,Cattle,Late,2014,1,7.5,6.109564667
7/1/14,C3SC,5:47,FALSE,1831,10825,YA-SY,AHY,F,1,1.545953,FALSE,3,Cattle,Late,2014,2,2,3.811213667
7/1/14,C3SC,5:50,TRUE,1831,10229,DY-DS,AHY,M,0.5,1.285358,FALSE,3,Cattle,Late,2014,2,2,3.811213667
7/2/14,N2B,8:18,FALSE,1831,10831,KP-DS,AHY,F,1.5,1.278134,FALSE,2,Bison,Late,2014,1,2.75,8.781915667
7/2/14,N2B,10:30,TRUE,1831,10450,WK-SK,AHY,F,0,2.647664,FALSE,2,Bison,Late,2014,1,2.75,8.781915667
7/2/14,N2B,7:00,TRUE,1831,10449,SY-AR,AHY,M,1,1.637255,FALSE,2,Bison,Late,2014,1,2.75,8.781915667
7/2/14,N2B,7:03,TRUE,1831,10419,DS-OG,AHY,M,0,1.375157,FALSE,2,Bison,Late,2014,1,2.75,8.781915667
7/3/14,C3C,8:25,FALSE,1831,10833,KW-DS,AHY,F,0.5,1.073851,FALSE,3,Cattle,Late,2014,2,3.75,4.890712333
7/3/14,C3C,6:40,FALSE,1831,10862,OY-WS,AHY,M,0.5,1.125125,FALSE,3,Cattle,Late,2014,2,3.75,4.890712333
7/3/14,C3C,6:43,FALSE,1831,10832,GW-SY,AHY,M,1,0.881149,FALSE,3,Cattle,Late,2014,2,3.75,4.890712333
7/3/14,C3C,7:25,FALSE,1831,10860,RK-WS,AHY,M,0.5,1.490455,FALSE,3,Cattle,Late,2014,2,3.75,4.890712333
7/3/14,C3C,7:15,FALSE,1831,10861,KO-DS,AHY,M,0.5,1.093079,FALSE,3,Cattle,Late,2014,2,3.75,4.890712333
7/3/14,C3SA,6:56,FALSE,1831,10460,NA,HY,U,2,1.2477,FALSE,3,Cattle,Late,2014,0,0.5,8.889589667
7/3/14,C3SA,7:38,FALSE,1831,10461,RW-SR,AHY,M,0,1.850293,FALSE,3,Cattle,Late,2014,0,0.5,8.889589667
7/3/14,C3SB,9:10,FALSE,1831,10462,BA-SW,AHY,F,1,1.114205,FALSE,3,Cattle,Late,2014,1,7.5,6.109564667
7/3/14,C3SB,9:30,TRUE,1831,10437,PG-DS,AHY,M,0,-999,FALSE,3,Cattle,Late,2014,1,7.5,6.109564667
7/3/14,C3SB,11:24,FALSE,1831,10463,RS-DR,AHY,M,0,1.330223,FALSE,3,Cattle,Late,2014,1,7.5,6.109564667
7/3/14,C3SB,13:00,FALSE,1831,10464,YW-GS,AHY,M,1,1.649428,FALSE,3,Cattle,Late,2014,1,7.5,6.109564667
7/4/14,C3SB,8:58,FALSE,1831,10467,SW-DR,AHY,M,0,1.326828,FALSE,3,Cattle,Late,2014,1,7.5,6.109564667
7/4/14,C3SB,7:03,FALSE,1831,10465,WO-BS,AHY,M,0,1.477637,FALSE,3,Cattle,Late,2014,1,7.5,6.109564667
7/4/14,C3SB,9:10,FALSE,1831,10468,SG-GG,AHY,M,0,1.010314,FALSE,3,Cattle,Late,2014,1,7.5,6.109564667
7/4/14,C3SB,9:25,FALSE,1831,10469,YS-PR,AHY,M,1,1.708372,FALSE,3,Cattle,Late,2014,1,7.5,6.109564667
7/4/14,C3SB,8:00,FALSE,1831,10466,SG-AW,AHY,F,0,1.003503,FALSE,3,Cattle,Late,2014,1,7.5,6.109564667
7/8/14,C3A,6:10,FALSE,1831,10844,OA-WS,AHY,F,1,1.631168,FALSE,3,Cattle,Late,2014,1,2.5,7.190787333
7/8/14,C3SA,9:15,FALSE,1831,10492,DW-GS,AHY,M,0,1.223352,FALSE,3,Cattle,Late,2014,0,0.5,8.889589667
7/8/14,C3SA,6:30,FALSE,1831,10470,OS-KR,AHY,M,0,-999,FALSE,3,Cattle,Late,2014,0,0.5,8.889589667
7/8/14,C3SB,7:25,TRUE,1831,10543,PW-RS,ASY,M,0,1.221265,FALSE,3,Cattle,Late,2014,1,7.5,6.109564667
7/8/14,C3SB,8:00,FALSE,1831,10472,GR-SP,AHY,M,0,1.073851,FALSE,3,Cattle,Late,2014,1,7.5,6.109564667
7/8/14,C3SB,8:25,TRUE,1831,10830,RA-WS,AHY,F,-9,0.881572,FALSE,3,Cattle,Late,2014,1,7.5,6.109564667
7/8/14,C3SB,9:48,FALSE,1831,10845,BW-SY,AHY,M,0.5,1.253311,FALSE,3,Cattle,Late,2014,1,7.5,6.109564667
7/8/14,C3SB,8:00,FALSE,1831,10471,GS-YK,AHY,M,1,1.156398,FALSE,3,Cattle,Late,2014,1,7.5,6.109564667
7/9/14,C3C,9:55,FALSE,1831,10478,DS-YD,AHY,M,0,1.629608,FALSE,3,Cattle,Late,2014,2,3.75,4.890712333
7/9/14,C3C,10:30,FALSE,1831,10479,NA,HY,U,3,1.068327,FALSE,3,Cattle,Late,2014,2,3.75,4.890712333
7/9/14,C3C,11:45,FALSE,1831,10480,PP-SW,AHY,M,0,3.21223,FALSE,3,Cattle,Late,2014,2,3.75,4.890712333
7/9/14,C3C,8:40,FALSE,1831,10477,NA,HY,U,2,-999,FALSE,3,Cattle,Late,2014,2,3.75,4.890712333
7/9/14,C3C,8:35,FALSE,1831,10476,YS-WG,AHY,M,0,-999,FALSE,3,Cattle,Late,2014,2,3.75,4.890712333
7/9/14,C3C,9:00,TRUE,1831,10295,GS-KK,AHY,M,0,1.425707,FALSE,3,Cattle,Late,2014,2,3.75,4.890712333
7/9/14,C3C,6:20,FALSE,1831,10473,BP-SP,AHY,M,0,-999,FALSE,3,Cattle,Late,2014,2,3.75,4.890712333
7/9/14,C3C,6:45,FALSE,1831,10474,NA,HY,U,0,0.990718,FALSE,3,Cattle,Late,2014,2,3.75,4.890712333
7/9/14,C3C,6:55,FALSE,1831,10475,OO-SO,AHY,M,0,1.514064,FALSE,3,Cattle,Late,2014,2,3.75,4.890712333
7/10/14,BFE,7:00,TRUE,1831,10259,PY-YS,AHY,M,0.5,0.97988,FALSE,-999,Cattle,Late,2014,NA,NA,NA
7/12/14,C3B,9:55,FALSE,1831,10482,WK-SP,AHY,M,2,1.571314,FALSE,3,Cattle,Late,2014,0,1,6.097022333
7/12/14,C3B,9:12,FALSE,1831,10481,OS-OG,AHY,M,1,1.173078,FALSE,3,Cattle,Late,2014,0,1,6.097022333
7/12/14,C3B,10:10,FALSE,1831,10483,NA,HY,U,3,1.472911,FALSE,3,Cattle,Late,2014,0,1,6.097022333
7/12/14,C3B,11:15,FALSE,1831,10485,SW-DY,AHY,M,2,1.791692,FALSE,3,Cattle,Late,2014,0,1,6.097022333
7/12/14,C3C,10:21,FALSE,1831,10484,AS-RB,AHY,F,4,2.927778,FALSE,3,Cattle,Late,2014,2,3.75,4.890712333
7/12/14,C3C,6:57,TRUE,1831,10870,KK-DS,AHY,F,0,2.262488,FALSE,3,Cattle,Late,2014,2,3.75,4.890712333
7/13/14,C3B,8:35,FALSE,1831,10850,NA,HY,U,-9,1.501297,FALSE,3,Cattle,Late,2014,0,1,6.097022333
7/13/14,C3B,7:40,TRUE,1320,83964,SO-OW,SY,M,0.5,1.160636,FALSE,3,Cattle,Late,2014,0,1,6.097022333
7/13/14,C3B,8:05,FALSE,1831,10852,BY-OS,HY,M,-9,0.977125,FALSE,3,Cattle,Late,2014,0,1,6.097022333
7/13/14,C3B,8:35,FALSE,1831,10849,NA,HY,U,0.5,-999,FALSE,3,Cattle,Late,2014,0,1,6.097022333
7/13/14,C3B,8:25,FALSE,1831,10851,NA,HY,U,0.5,0.582916,FALSE,3,Cattle,Late,2014,0,1,6.097022333
7/13/14,C3B,9:31,FALSE,1831,10848,PG-WS,HY,M,0.5,1.557165,FALSE,3,Cattle,Late,2014,0,1,6.097022333
7/13/14,C3B,10:50,FALSE,1831,10846,PP-SR,AHY,M,0.5,1.745716,FALSE,3,Cattle,Late,2014,0,1,6.097022333
7/14/14,COB,8:00,FALSE,1831,10304,NA,HY,U,0.5,0.97988,FALSE,1,Cattle,Late,2014,0,6,13.30577967
7/14/14,COB,6:30,TRUE,1831,10454,WK-YS,AHY,M,0.5,1.221697,FALSE,1,Cattle,Late,2014,0,6,13.30577967
7/14/14,COB,6:35,FALSE,1831,10847,KB-DS,AHY,F,0.5,1.965942,FALSE,1,Cattle,Late,2014,0,6,13.30577967
7/14/14,COB,7:35,FALSE,1831,10301,RW-WS,AHY,F,0.5,1.089443,FALSE,1,Cattle,Late,2014,0,6,13.30577967
7/14/14,COB,8:00,FALSE,1831,10303,NA,HY,U,1,1.291767,FALSE,1,Cattle,Late,2014,0,6,13.30577967
7/14/14,COB,8:05,FALSE,1831,10305,NA,HY,U,1,-999,FALSE,1,Cattle,Late,2014,0,6,13.30577967
7/14/14,COB,8:30,FALSE,1831,10306,NA,HY,U,1,-999,FALSE,1,Cattle,Late,2014,0,6,13.30577967
7/14/14,COB,9:20,TRUE,1831,10501,WR-SK,ASY,M,1,0.939413,FALSE,1,Cattle,Late,2014,0,6,13.30577967
7/14/14,COB,8:00,FALSE,1831,10302,NA,HY,U,0.5,1.39987,FALSE,1,Cattle,Late,2014,0,6,13.30577967
7/15/14,COB,6:40,FALSE,1831,10307,PA-WS,AHY,F,1,1.13205,FALSE,1,Cattle,Late,2014,0,6,13.30577967
7/15/14,COB,6:50,FALSE,1831,10308,NA,HY,U,0.5,0.760756,FALSE,1,Cattle,Late,2014,0,6,13.30577967
7/15/14,COB,7:30,FALSE,1831,10309,DO-SY,AHY,M,0.5,1.478998,FALSE,1,Cattle,Late,2014,0,6,13.30577967
7/15/14,N2B,11:30,FALSE,1831,10498,BA-GS,AHY,F,2,3.043306,FALSE,2,Bison,Late,2014,1,2.75,8.781915667
7/15/14,N2B,8:50,FALSE,1831,10490,NA,HY,U,0,-999,FALSE,2,Bison,Late,2014,1,2.75,8.781915667
7/15/14,N2B,8:55,FALSE,1831,10491,NA,HY,U,0,2.191564,FALSE,2,Bison,Late,2014,1,2.75,8.781915667
7/15/14,N2B,9:16,FALSE,1831,10493,NA,HY,U,1,0.887981,FALSE,2,Bison,Late,2014,1,2.75,8.781915667
7/15/14,N2B,9:16,FALSE,1831,10495,NA,HY,U,1,1.208446,FALSE,2,Bison,Late,2014,1,2.75,8.781915667
7/15/14,N2B,8:38,FALSE,1831,10488,NA,HY,U,0,1.685949,FALSE,2,Bison,Late,2014,1,2.75,8.781915667
7/15/14,N2B,10:06,FALSE,1831,10497,NA,HY,U,0,1.323814,FALSE,2,Bison,Late,2014,1,2.75,8.781915667
7/15/14,N2B,8:15,FALSE,1831,10487,NA,HY,U,0,-999,FALSE,2,Bison,Late,2014,1,2.75,8.781915667
7/15/14,N2B,12:00,FALSE,1831,10499,YP-DS,AHY,M,1,1.740418,FALSE,2,Bison,Late,2014,1,2.75,8.781915667
7/15/14,N2B,12:40,FALSE,1831,10500,WK-OS,AHY,M,1,1.795512,FALSE,2,Bison,Late,2014,1,2.75,8.781915667
7/15/14,N2B,9:30,FALSE,1831,10496,NA,HY,U,0,1.432772,FALSE,2,Bison,Late,2014,1,2.75,8.781915667
7/15/14,N2B,8:50,FALSE,1831,10489,OA-KS,AHY,M,0,0.836707,FALSE,2,Bison,Late,2014,1,2.75,8.781915667
7/15/14,N2B,6:30,FALSE,1831,10486,SO-PK,AHY,M,0,0.949446,FALSE,2,Bison,Late,2014,1,2.75,8.781915667
7/15/14,N2B,7:10,FALSE,1831,10999,DS-KG,AHY,M,0,1.077269,FALSE,2,Bison,Late,2014,1,2.75,8.781915667
7/15/14,N2B,7:40,FALSE,1831,10494,SG-PY,AHY,M,0,1.515519,FALSE,2,Bison,Late,2014,1,2.75,8.781915667
7/16/14,COB,9:37,FALSE,1831,10003,NA,HY,U,1,1.44559,FALSE,1,Cattle,Late,2014,0,6,13.30577967
7/16/14,COB,10:00,FALSE,1831,10006,NA,HY,U,0,-999,FALSE,1,Cattle,Late,2014,0,6,13.30577967
7/16/14,COB,10:05,FALSE,1831,10005,SW-PK,AHY,M,0,-999,FALSE,1,Cattle,Late,2014,0,6,13.30577967
7/16/14,COB,12:10,FALSE,1831,10007,DG-SK,AHY,M,1,-999,FALSE,1,Cattle,Late,2014,0,6,13.30577967
7/16/14,COB,12:45,FALSE,1831,10008,NA,HY,U,2,2.221588,FALSE,1,Cattle,Late,2014,0,6,13.30577967
7/16/14,COB,9:15,FALSE,1831,10002,SD-PG,AHY,M,0,-999,FALSE,1,Cattle,Late,2014,0,6,13.30577967
7/16/14,COB,10:00,FALSE,1831,10004,NA,HY,U,0,1.755738,FALSE,1,Cattle,Late,2014,0,6,13.30577967
7/16/14,COB,7:30,FALSE,1831,10001,KY-SGx,AHY,M,0,1.208446,FALSE,1,Cattle,Late,2014,0,6,13.30577967
7/17/14,COA,13:38,FALSE,1831,10026,AB-SW,AHY,F,1,-999,FALSE,1,Cattle,Late,2014,0,7.5,20.929531
7/17/14,COA,10:45,FALSE,1831,10020,NA,HY,U,1,-999,FALSE,1,Cattle,Late,2014,0,7.5,20.929531
7/17/14,COA,11:00,FALSE,1831,10021,NA,HY,U,2,1.771164,FALSE,1,Cattle,Late,2014,0,7.5,20.929531
7/17/14,COA,11:55,FALSE,1831,10022,NA,HY,U,2,-999,FALSE,1,Cattle,Late,2014,0,7.5,20.929531
7/17/14,COA,12:25,FALSE,1831,10023,RA-SW,AHY,F,1,-999,FALSE,1,Cattle,Late,2014,0,7.5,20.929531
7/17/14,COA,10:10,FALSE,1831,10018,NA,HY,U,2,-999,FALSE,1,Cattle,Late,2014,0,7.5,20.929531
7/17/14,COA,13:00,FALSE,1831,10025,NA,HY,U,2,-999,FALSE,1,Cattle,Late,2014,0,7.5,20.929531
7/17/14,COA,9:55,FALSE,1831,10017,NA,HY,U,1,-999,FALSE,1,Cattle,Late,2014,0,7.5,20.929531
7/17/14,COA,13:40,FALSE,1831,10027,NA,HY,U,4,-999,FALSE,1,Cattle,Late,2014,0,7.5,20.929531
7/17/14,COA,14:15,FALSE,1831,10028,SO-KG,AHY,M,1,-999,FALSE,1,Cattle,Late,2014,0,7.5,20.929531
7/17/14,COA,14:15,FALSE,1831,10029,SY-RR,AHY,M,1,-999,FALSE,1,Cattle,Late,2014,0,7.5,20.929531
7/17/14,COA,14:15,FALSE,1831,10030,NA,HY,U,1,-999,FALSE,1,Cattle,Late,2014,0,7.5,20.929531
7/17/14,COA,13:25,FALSE,1831,10031,WA-RS,AHY,M,1,1.990381,FALSE,1,Cattle,Late,2014,0,7.5,20.929531
7/17/14,COA,13:00,FALSE,1831,10024,NA,HY,U,0,-999,FALSE,1,Cattle,Late,2014,0,7.5,20.929531
7/17/14,COA,7:50,FALSE,1831,10011,DR-SP,HY,M,2,-999,FALSE,1,Cattle,Late,2014,0,7.5,20.929531
7/17/14,COA,10:45,FALSE,1831,10019,KD-KS,AHY,M,1,1.430304,FALSE,1,Cattle,Late,2014,0,7.5,20.929531
7/17/14,COA,7:20,FALSE,1831,10010,NA,HY,U,0,0.894665,FALSE,1,Cattle,Late,2014,0,7.5,20.929531
7/17/14,COA,9:00,FALSE,1831,10012,GW-SG,AHY,M,0,1.375522,FALSE,1,Cattle,Late,2014,0,7.5,20.929531
7/17/14,COA,9:00,FALSE,1831,10014,NA,HY,U,1,-999,FALSE,1,Cattle,Late,2014,0,7.5,20.929531
7/17/14,COA,9:00,FALSE,1831,10013,NA,HY,U,0.5,-999,FALSE,1,Cattle,Late,2014,0,7.5,20.929531
7/17/14,COA,9:00,TRUE,1831,10800,AA-BS,AHY,F,1,2.208297,FALSE,1,Cattle,Late,2014,0,7.5,20.929531
7/17/14,COA,9:45,FALSE,1831,10015,NA,HY,U,1,-999,FALSE,1,Cattle,Late,2014,0,7.5,20.929531
7/17/14,COA,9:50,FALSE,1831,10016,NA,HY,U,1,1.81733,FALSE,1,Cattle,Late,2014,0,7.5,20.929531
7/17/14,COA,6:55,FALSE,1831,10009,KA-BS,AHY,F,0,1.716383,FALSE,1,Cattle,Late,2014,0,7.5,20.929531
7/19/14,COA,7:05,FALSE,1831,10033,NA,HY,U,0,-999,FALSE,1,Cattle,Late,2014,0,7.5,20.929531
7/19/14,COA,7:30,FALSE,1831,10034,NA,HY,U,0,-999,FALSE,1,Cattle,Late,2014,0,7.5,20.929531
7/19/14,COA,7:05,FALSE,1831,10032,RW-RS,AHY,M,0,0.834538,FALSE,1,Cattle,Late,2014,0,7.5,20.929531
7/19/14,COA,9:45,FALSE,1831,10035,BW-GS,AHY,F,1,-999,FALSE,1,Cattle,Late,2014,0,7.5,20.929531
7/19/14,COA,10:10,FALSE,1831,10036,RY-OS,AHY,M,0,-999,FALSE,1,Cattle,Late,2014,0,7.5,20.929531
7/19/14,COA,12:55,FALSE,1831,10037,SW-OG,AHY,M,0,1.432772,FALSE,1,Cattle,Late,2014,0,7.5,20.929531
7/22/14,C3SB,10:00,FALSE,1831,10045,NA,HY,U,2,-999,FALSE,3,Cattle,Late,2014,1,7.5,6.109564667
7/22/14,C3SB,7:00,FALSE,1831,10041,BG-SA,AHY,F,0,1.375596,FALSE,3,Cattle,Late,2014,1,7.5,6.109564667
7/22/14,C3SB,7:00,FALSE,1831,10042,DY-SK,HY,M,0,1.242912,FALSE,3,Cattle,Late,2014,1,7.5,6.109564667
7/22/14,C3SB,10:00,FALSE,1831,10044,BS-BB,AHY,F,1,2.173344,FALSE,3,Cattle,Late,2014,1,7.5,6.109564667
7/22/14,C3SB,11:20,TRUE,1831,10827,DA-SY,AHY,F,2,1.717965,FALSE,3,Cattle,Late,2014,1,7.5,6.109564667
7/22/14,C3SB,9:30,FALSE,1831,10043,SK-AK,AHY,F,1,2.941371,FALSE,3,Cattle,Late,2014,1,7.5,6.109564667
7/23/14,C3SB,7:05,FALSE,1831,10046,AW-RS,AHY,F,0,1.187823,FALSE,3,Cattle,Late,2014,1,7.5,6.109564667
7/23/14,C3SB,8:45,FALSE,1831,10050,RO-OS,AHY,M,0,-999,FALSE,3,Cattle,Late,2014,1,7.5,6.109564667
7/24/14,C3A,8:58,FALSE,1831,10057,NA,HY,U,0,1.654932,FALSE,3,Cattle,Late,2014,1,2.5,7.190787333
7/24/14,C3A,9:30,FALSE,1831,10059,RD-YS,AHY,M,0,1.541251,FALSE,3,Cattle,Late,2014,1,2.5,7.190787333
7/24/14,C3A,10:00,FALSE,1831,10060,NA,HY,U,1,1.269383,FALSE,3,Cattle,Late,2014,1,2.5,7.190787333
7/24/14,C3A,10:52,FALSE,1831,10062,SR-GD,AHY,M,1,1.738355,FALSE,3,Cattle,Late,2014,1,2.5,7.190787333
7/24/14,C3A,10:45,FALSE,1831,10061,GS-BB,AHY,F,1,1.588828,FALSE,3,Cattle,Late,2014,1,2.5,7.190787333
7/24/14,C3A,8:58,FALSE,1831,10056,NA,HY,U,1,1.44543,FALSE,3,Cattle,Late,2014,1,2.5,7.190787333
7/24/14,C3SB,9:12,FALSE,1831,10058,AB-SG,AHY,F,2,-999,FALSE,3,Cattle,Late,2014,1,7.5,6.109564667
7/24/14,C3SB,8:27,FALSE,1831,10055,NA,HY,U,0,-999,FALSE,3,Cattle,Late,2014,1,7.5,6.109564667
7/24/14,C3SB,8:27,FALSE,1831,10054,YR-BS,AHY,M,1,-999,FALSE,3,Cattle,Late,2014,1,7.5,6.109564667
7/24/14,C3SB,6:50,FALSE,1831,10051,NA,HY,U,1,1.40353,FALSE,3,Cattle,Late,2014,1,7.5,6.109564667
7/24/14,C3SB,7:03,FALSE,1831,10052,OS-AA,AHY,F,0,1.948235,FALSE,3,Cattle,Late,2014,1,7.5,6.109564667
7/24/14,C3SB,7:15,FALSE,1831,10053,GK-GS,AHY,M,1,1.459397,FALSE,3,Cattle,Late,2014,1,7.5,6.109564667
7/25/14,1D,7:00,TRUE,1831,10684,YG-SG,ASY,M,0,1.771164,FALSE,1,None,Late,2014,0,NA,NA
7/25/14,1D,10:00,TRUE,1831,10891,WW-SY,AHY,F,1,-999,FALSE,1,None,Late,2014,0,NA,NA
7/29/14,1D,10:25,FALSE,1831,10342,WR-SY,AHY,F,1,2.019294,FALSE,1,None,Late,2014,0,NA,NA
7/29/14,1D,8:00,TRUE,1831,10219,BW-SK,AHY,M,1,-999,FALSE,1,None,Late,2014,0,NA,NA
7/29/14,1D,9:50,FALSE,1831,10339,PP-WS,AHY,M,1,-999,FALSE,1,None,Late,2014,0,NA,NA
7/29/14,1D,9:54,FALSE,1831,10338,NA,HY,U,1.5,-999,FALSE,1,None,Late,2014,0,NA,NA
7/29/14,1D,9:55,FALSE,1831,10340,NA,HY,U,0.5,1.38208,FALSE,1,None,Late,2014,0,NA,NA
7/29/14,1D,10:00,FALSE,1831,10341,WY-SY,AHY,M,0.5,-999,FALSE,1,None,Late,2014,0,NA,NA
7/29/14,C3B,13:00,TRUE,1831,10484,AS-RB,AHY,F,3,2.14377,FALSE,3,Cattle,Late,2014,0,1,6.097022333
7/29/14,C3B,13:45,TRUE,1831,10072,NA,HY,U,-9,-999,FALSE,3,Cattle,Late,2014,0,1,6.097022333
7/29/14,C3B,13:45,FALSE,1831,10076,NA,HY,U,0,1.862195,FALSE,3,Cattle,Late,2014,0,1,6.097022333
7/29/14,C3B,13:45,FALSE,1831,10077,NA,HY,U,1,1.913318,FALSE,3,Cattle,Late,2014,0,1,6.097022333
7/29/14,C3C,8:50,FALSE,1831,10067,BG-BS,AHY,F,3,1.354715,FALSE,3,Cattle,Late,2014,2,3.75,4.890712333
7/29/14,C3C,9:45,FALSE,1831,10075,NA,HY,U,1,-999,FALSE,3,Cattle,Late,2014,2,3.75,4.890712333
7/29/14,C3C,9:45,FALSE,1831,10068,NA,HY,U,1,-999,FALSE,3,Cattle,Late,2014,2,3.75,4.890712333
7/29/14,C3C,9:45,FALSE,1831,10069,NA,HY,U,1,-999,FALSE,3,Cattle,Late,2014,2,3.75,4.890712333
7/29/14,C3C,9:45,FALSE,1831,10070,NA,HY,U,1,-999,FALSE,3,Cattle,Late,2014,2,3.75,4.890712333
7/29/14,C3C,9:45,FALSE,1831,10071,NA,HY,U,0,-999,FALSE,3,Cattle,Late,2014,2,3.75,4.890712333
7/29/14,C3C,9:45,FALSE,1831,10072,NA,HY,U,0,-999,FALSE,3,Cattle,Late,2014,2,3.75,4.890712333
7/29/14,C3C,9:45,FALSE,1831,10074,NA,HY,U,2,-999,FALSE,3,Cattle,Late,2014,2,3.75,4.890712333
7/29/14,C3C,9:45,FALSE,1831,10073,NA,HY,U,1,-999,FALSE,3,Cattle,Late,2014,2,3.75,4.890712333
7/30/14,C3A,9:39,FALSE,1831,10343,NA,HY,U,0.5,1.515264,FALSE,3,Cattle,Late,2014,1,2.5,7.190787333
7/31/14,C3B,12:30,FALSE,1831,10082,NA,HY,U,1,1.758745,FALSE,3,Cattle,Late,2014,0,1,6.097022333
7/31/14,C3B,12:30,FALSE,1831,10083,NA,HY,U,0.5,-999,FALSE,3,Cattle,Late,2014,0,1,6.097022333
7/31/14,C3B,12:35,FALSE,1831,10084,NA,HY,U,1,2.01702,FALSE,3,Cattle,Late,2014,0,1,6.097022333
7/31/14,C3B,13:00,FALSE,1831,10085,NA,HY,U,2,2.03741,FALSE,3,Cattle,Late,2014,0,1,6.097022333
7/31/14,C3B,11:20,FALSE,1831,10081,NA,HY,U,0,1.779135,FALSE,3,Cattle,Late,2014,0,1,6.097022333
7/31/14,C3B,11:30,FALSE,1831,10345,NA,HY,U,0.5,1.103244,FALSE,3,Cattle,Late,2014,0,1,6.097022333
7/31/14,C3B,10:40,FALSE,1831,10079,GG-BS,AHY,M,2,2.004102,FALSE,3,Cattle,Late,2014,0,1,6.097022333
7/31/14,C3B,13:10,FALSE,1831,10086,AA-SAx,HY,F,1,1.389563,FALSE,3,Cattle,Late,2014,0,1,6.097022333
7/31/14,C3B,11:20,FALSE,1831,10080,NA,HY,U,1,-999,FALSE,3,Cattle,Late,2014,0,1,6.097022333
7/31/14,C3B,10:40,FALSE,1831,10078,YR-SO,HY,M,0,-999,FALSE,3,Cattle,Late,2014,0,1,6.097022333
8/2/14,C3SB,6:20,FALSE,1831,10087,NA,HY,U,2,1.585098,FALSE,3,Cattle,Late,2014,1,7.5,6.109564667
8/2/14,C3SB,7:50,FALSE,1831,10095,NA,HY,U,1,0.814004,FALSE,3,Cattle,Late,2014,1,7.5,6.109564667
8/2/14,C3SB,6:40,FALSE,1831,10088,NA,HY,U,0,1.291795,FALSE,3,Cattle,Late,2014,1,7.5,6.109564667
8/2/14,C3SB,7:00,FALSE,1831,10089,NA,HY,U,0,-999,FALSE,3,Cattle,Late,2014,1,7.5,6.109564667
8/2/14,C3SB,7:00,FALSE,1831,10090,NA,HY,U,0,-999,FALSE,3,Cattle,Late,2014,1,7.5,6.109564667
8/2/14,C3SB,7:30,FALSE,1831,10091,NA,HY,U,0,-999,FALSE,3,Cattle,Late,2014,1,7.5,6.109564667
8/2/14,C3SB,7:45,FALSE,1831,10092,NA,HY,U,1,1.396546,TRUE,3,Cattle,Late,2014,1,7.5,6.109564667
8/2/14,C3SB,9:00,TRUE,1831,10042,DY-SK,HY,M,1,2.608333,FALSE,3,Cattle,Late,2014,1,7.5,6.109564667
8/2/14,C3SB,7:45,FALSE,1831,10093,NA,HY,U,1,1.004312,FALSE,3,Cattle,Late,2014,1,7.5,6.109564667
8/2/14,C3SB,11:50,FALSE,1831,10353,KR-DS,AHY,M,1,2.084987,FALSE,3,Cattle,Late,2014,1,7.5,6.109564667
8/2/14,C3SB,9:00,FALSE,1831,10094,SG-KA,AHY,F,1,2.010223,FALSE,3,Cattle,Late,2014,1,7.5,6.109564667
8/2/14,C3SB,10:00,FALSE,1831,10096,BS-AW,AHY,F,1,2.011086,FALSE,3,Cattle,Late,2014,1,7.5,6.109564667
8/2/14,C3SB,11:55,FALSE,1831,10097,OY-SW,AHY,M,1,-999,FALSE,3,Cattle,Late,2014,1,7.5,6.109564667
8/2/14,C3SB,7:25,FALSE,1831,10350,RD-WS,AHY,F,1,2.178687,FALSE,3,Cattle,Late,2014,1,7.5,6.109564667
8/2/14,C3SB,7:40,TRUE,1831,10830,RA-WS,AHY,F,1,2.374223,FALSE,3,Cattle,Late,2014,1,7.5,6.109564667
8/2/14,C3SB,11:50,FALSE,1831,10352,OD-WS,AHY,F,0.5,2.904961,FALSE,3,Cattle,Late,2014,1,7.5,6.109564667
8/2/14,C3SB,12:50,FALSE,1831,10354,RG-WS,AHY,M,1,1.881086,FALSE,3,Cattle,Late,2014,1,7.5,6.109564667
8/2/14,C3SB,9:40,FALSE,1831,10351,NA,HY,U,0.5,1.606048,FALSE,3,Cattle,Late,2014,1,7.5,6.109564667
8/4/14,C3A,10:25,FALSE,1831,10098,NA,HY,U,2,-999,FALSE,3,Cattle,Late,2014,1,2.5,7.190787333
8/12/14,C3A,9:00,FALSE,1831,10951,NA,HY,U,1,-999,FALSE,3,Cattle,Late,2014,1,2.5,7.190787333
8/12/14,C3A,8:00,FALSE,1831,10950,GW-SK,HY,M,0,1.140246,FALSE,3,Cattle,Late,2014,1,2.5,7.190787333
8/12/14,C3A,7:45,FALSE,1831,10948,NA,HY,U,0,-999,FALSE,3,Cattle,Late,2014,1,2.5,7.190787333
8/12/14,C3A,8:00,FALSE,1831,10949,DP-SY,HY,M,0.5,1.432504,FALSE,3,Cattle,Late,2014,1,2.5,7.190787333
8/12/14,COA,10:30,FALSE,1831,10952,YP-PS,AHY,M,1,1.594333,FALSE,1,Cattle,Late,2014,0,7.5,20.929531
8/12/14,COA,12:15,FALSE,1831,10953,NA,HY,U,2,1.53532,FALSE,1,Cattle,Late,2014,0,7.5,20.929531
8/13/14,C1A,10:55,FALSE,1831,10959,NA,HY,U,0,-999,FALSE,1,Cattle,NA,2014,0,NA,NA
8/13/14,C1A,11:20,FALSE,1831,10960,NA,HY,U,0,-999,FALSE,1,Cattle,NA,2014,0,NA,NA
8/13/14,C1A,12:00,FALSE,1831,10961,NA,HY,U,0,-999,FALSE,1,Cattle,NA,2014,0,NA,NA
8/13/14,C1A,10:55,FALSE,1831,10957,NA,HY,U,0.5,-999,FALSE,1,Cattle,NA,2014,0,NA,NA
8/13/14,C1A,10:55,FALSE,1831,10956,NA,HY,U,0.5,-999,FALSE,1,Cattle,NA,2014,0,NA,NA
8/13/14,C1A,10:55,FALSE,1831,10958,NA,HY,U,0,-999,FALSE,1,Cattle,NA,2014,0,NA,NA
8/13/14,C1A,10:46,FALSE,1831,10955,BB-BS,AHY,F,2,1.651418,FALSE,1,Cattle,NA,2014,0,NA,NA
8/13/14,C3C,7:30,FALSE,1831,10954,NA,HY,U,0,-999,FALSE,3,Cattle,NA,2014,2,NA,NA
5/2/15,C3A,7:15,FALSE,2181,40244,KA-SO,AHY,M,0,-999,FALSE,3,Cattle,Early,2015,2,7.833333333,NA
5/2/15,C3A,6:40,FALSE,2181,40241,GW-SW,AHY,M,2,-999,FALSE,3,Cattle,Early,2015,2,7.833333333,NA
5/2/15,C3A,7:30,FALSE,2181,40245,RD-SY,AHY,M,0,-999,FALSE,3,Cattle,Early,2015,2,7.833333333,NA
5/2/15,C3A,7:35,FALSE,2181,40247,KB-SP,AHY,M,0,0.5670043,FALSE,3,Cattle,Early,2015,2,7.833333333,NA
5/2/15,C3A,7:45,FALSE,2181,40248,DW-PS,AHY,M,0,0.4487576,FALSE,3,Cattle,Early,2015,2,7.833333333,NA
5/2/15,C3A,8:40,FALSE,2181,40249,RY-GS,AHY,M,0,-999,FALSE,3,Cattle,Early,2015,2,7.833333333,NA
5/2/15,C3A,6:40,FALSE,2181,40242,YB-SW,AHY,M,3,-999,FALSE,3,Cattle,Early,2015,2,7.833333333,NA
5/2/15,C3B,9:10,FALSE,2181,40252,SP-KP,AHY,M,0,0.8033932,FALSE,3,Cattle,Early,2015,1,7.166666667,NA
5/2/15,C3B,9:45,FALSE,2181,40255,SY-WY,AHY,M,0,0.5764245,FALSE,3,Cattle,Early,2015,1,7.166666667,NA
5/2/15,C3B,9:50,FALSE,2181,40256,SD-OR,AHY,M,0,1.039108,FALSE,3,Cattle,Early,2015,1,7.166666667,NA
5/2/15,C3B,9:00,FALSE,2181,40251,BS-BK,AHY,M,0,0.7695196,FALSE,3,Cattle,Early,2015,1,7.166666667,NA
5/2/15,C3B,9:30,FALSE,2181,40253,SO-KY,AHY,M,0,0.6885694,FALSE,3,Cattle,Early,2015,1,7.166666667,NA
5/2/15,C3B,7:00,FALSE,2181,40243,RG-SP,AHY,M,1,0.6360496,FALSE,3,Cattle,Early,2015,1,7.166666667,NA
5/2/15,C3B,7:35,FALSE,2181,40246,SR-PB,AHY,M,3,1.024182,FALSE,3,Cattle,Early,2015,1,7.166666667,NA
5/2/15,C3B,8:35,FALSE,2181,40250,OK-GS,AHY,M,1,1.250069,FALSE,3,Cattle,Early,2015,1,7.166666667,NA
5/8/15,2A,7:05,FALSE,2181,40257,SK-GG,AHY,M,1.5,0.8241152,TRUE,2,None,Early,2015,1,0,NA
5/8/15,C3A,9:24,FALSE,2181,40258,YS-OY,AHY,M,1,1.002911,FALSE,3,Cattle,Early,2015,2,7.833333333,NA
5/8/15,C3A,9:50,FALSE,2181,40260,WS-PW,AHY,M,1,0.712072,TRUE,3,Cattle,Early,2015,2,7.833333333,NA
5/8/15,C3B,9:30,FALSE,2181,40259,YS-PW,AHY,M,1.5,0.994512,FALSE,3,Cattle,Early,2015,1,7.166666667,NA
5/9/15,C3A,12:30,FALSE,2181,40270,YY-BS,AHY,M,0,1.226477,FALSE,3,Cattle,Early,2015,2,7.833333333,NA
5/9/15,C3A,13:20,FALSE,2181,40271,SO-OD,AHY,M,0,2.289818,FALSE,3,Cattle,Early,2015,2,7.833333333,NA
5/9/15,C3A,11:15,FALSE,2181,40269,DD-SD,AHY,M,0,-999,FALSE,3,Cattle,Early,2015,2,7.833333333,NA
5/9/15,C3A,7:05,FALSE,2181,40261,OW-RS,AHY,M,1,-999,FALSE,3,Cattle,Early,2015,2,7.833333333,NA
5/9/15,C3A,7:10,FALSE,2181,40262,KG-PS,AHY,M,0,0.751129,FALSE,3,Cattle,Early,2015,2,7.833333333,NA
5/9/15,C3A,7:45,FALSE,2181,40263,WW-WS,AHY,M,0,1.179743,FALSE,3,Cattle,Early,2015,2,7.833333333,NA
5/9/15,C3A,8:35,FALSE,2181,40264,KR-SR,AHY,M,0,-999,FALSE,3,Cattle,Early,2015,2,7.833333333,NA
5/9/15,C3A,8:40,FALSE,2181,40265,BS-WW,AHY,M,0,0.6767655,FALSE,3,Cattle,Early,2015,2,7.833333333,NA
5/9/15,C3A,9:40,FALSE,2181,40266,KS-KD,AHY,M,2,-999,FALSE,3,Cattle,Early,2015,2,7.833333333,NA
5/9/15,C3A,9:50,FALSE,2181,40267,SG-AD,AHY,M,0,-999,FALSE,3,Cattle,Early,2015,2,7.833333333,NA
5/9/15,C3B,12:40,TRUE,1831,10754,YP-YS,TY,M,1,1.333476,FALSE,3,Cattle,Early,2015,1,7.166666667,NA
5/9/15,C3B,11:20,FALSE,2181,40268,SK-YB,AHY,M,1,1.1383,FALSE,3,Cattle,Early,2015,1,7.166666667,NA
5/9/15,C3B,12:10,TRUE,2181,40243,RG-SP,AHY,M,2,1.297522,FALSE,3,Cattle,Early,2015,1,7.166666667,NA
5/10/15,COB,7:20,FALSE,2181,40275,KS-OK,AHY,M,0,0.8889517,FALSE,1,Cattle,Early,2015,0,7.625,NA
5/10/15,COB,6:44,FALSE,2181,40272,SW-GD,AHY,M,2,0.6937827,FALSE,1,Cattle,Early,2015,0,7.625,NA
5/10/15,COB,7:15,FALSE,2181,40274,SY-WP,AHY,M,0,0.7487488,FALSE,1,Cattle,Early,2015,0,7.625,NA
5/10/15,COB,7:37,FALSE,2181,40276,GS-RG,AHY,M,0,-999,FALSE,1,Cattle,Early,2015,0,7.625,NA
5/10/15,COB,7:50,FALSE,2181,40277,DY-SD,AHY,M,0,1.187212,FALSE,1,Cattle,Early,2015,0,7.625,NA
5/10/15,COB,8:15,FALSE,2181,40278,PG-RS,AHY,M,0,1.204987,FALSE,1,Cattle,Early,2015,0,7.625,NA
5/10/15,COB,9:05,FALSE,2181,40279,KY-OS,AHY,M,0,0.7119956,FALSE,1,Cattle,Early,2015,0,7.625,NA
5/10/15,COB,9:25,FALSE,2181,40280,GK-YS,AHY,M,0,1.425927,FALSE,1,Cattle,Early,2015,0,7.625,NA
5/10/15,COB,6:55,FALSE,2181,40273,SD-OG,AHY,M,2,0.7331707,FALSE,1,Cattle,Early,2015,0,7.625,NA
5/11/15,COB,8:15,FALSE,2181,40282,KS-WK,AHY,M,0,-999,FALSE,1,Cattle,Early,2015,0,7.625,NA
5/11/15,COB,8:20,FALSE,2181,40283,KR-WS,AHY,M,0,0.548552,FALSE,1,Cattle,Early,2015,0,7.625,NA
5/11/15,COB,6:55,FALSE,2181,40281,SP-PG,AHY,M,0,0.8701378,FALSE,1,Cattle,Early,2015,0,7.625,NA
5/11/15,COB,9:00,FALSE,2181,40284,DA-RS,AHY,M,0,0.8261056,FALSE,1,Cattle,Early,2015,0,7.625,NA
5/12/15,COA,12:55,FALSE,2181,40285,RY-SR,AHY,M,2,1.316661,FALSE,1,Cattle,Early,2015,0,12.83333333,NA
5/12/15,COA,13:15,FALSE,2181,40286,DS-GG,AHY,M,0,0.8710349,FALSE,1,Cattle,Early,2015,0,12.83333333,NA
5/12/15,COA,12:50,TRUE,1831,10011,DR-SP,SY,M,1,0.9777885,FALSE,1,Cattle,Early,2015,0,12.83333333,NA
5/13/15,COA,11:00,FALSE,2181,40291,WY-WS,AHY,M,0,-999,FALSE,1,Cattle,Early,2015,0,12.83333333,NA
5/13/15,COA,6:30,FALSE,2181,40287,SW-YK,AHY,M,0,0.4426365,FALSE,1,Cattle,Early,2015,0,12.83333333,NA
5/13/15,COA,7:07,FALSE,2181,40288,OS-DW,AHY,M,0,-999,FALSE,1,Cattle,Early,2015,0,12.83333333,NA
5/13/15,COA,10:00,FALSE,2181,40290,BS-OK,AHY,M,1,0.6990635,FALSE,1,Cattle,Early,2015,0,12.83333333,NA
5/13/15,COA,7:52,FALSE,2181,40289,SG-DY,AHY,M,0,-999,FALSE,1,Cattle,Early,2015,0,12.83333333,NA
5/17/15,COA,12:20,FALSE,2181,40300,RR-OS,AHY,M,1,1.130538,FALSE,1,Cattle,Early,2015,0,12.83333333,NA
5/17/15,COA,11:45,FALSE,2181,40299,BD-SG,AHY,M,0,-999,FALSE,1,Cattle,Early,2015,0,12.83333333,NA
5/17/15,COA,9:00,FALSE,-9999,-9999,NA,AHY,U,-9,-999,FALSE,1,Cattle,Early,2015,0,12.83333333,NA
5/17/15,COA,6:40,FALSE,2181,40292,GP-KS,AHY,M,0,-999,FALSE,1,Cattle,Early,2015,0,12.83333333,NA
5/17/15,COA,7:10,FALSE,2181,40293,OR-SW,AHY,M,0,-999,FALSE,1,Cattle,Early,2015,0,12.83333333,NA
5/17/15,COA,7:10,FALSE,2181,40294,KD-SD,AHY,M,0,0.7795632,FALSE,1,Cattle,Early,2015,0,12.83333333,NA
5/17/15,COA,8:50,FALSE,2181,40296,YY-SR,AHY,M,0,-999,FALSE,1,Cattle,Early,2015,0,12.83333333,NA
5/17/15,COA,9:17,FALSE,2181,40297,GS-RW,AHY,M,0,-999,FALSE,1,Cattle,Early,2015,0,12.83333333,NA
5/17/15,COA,10:25,FALSE,2181,40298,SB-PB,AHY,M,0,-999,FALSE,1,Cattle,Early,2015,0,12.83333333,NA
5/18/15,C3SA,12:30,FALSE,1831,10108,SP-DY,AHY,M,0,-999,FALSE,3,Cattle,Early,2015,1,3.5,NA
5/18/15,C3SA,6:40,FALSE,1831,10101,RD-SP,AHY,M,0,-999,FALSE,3,Cattle,Early,2015,1,3.5,NA
5/18/15,C3SA,6:50,FALSE,1831,10103,WB-KS,AHY,M,0,-999,FALSE,3,Cattle,Early,2015,1,3.5,NA
5/18/15,C3SA,9:50,FALSE,1831,10104,WP-SO,AHY,M,0,-999,FALSE,3,Cattle,Early,2015,1,3.5,NA
5/18/15,C3SA,10:10,FALSE,1831,10105,SG-GR,AHY,M,0,1.780517,FALSE,3,Cattle,Early,2015,1,3.5,NA
5/18/15,C3SA,11:55,FALSE,1831,10107,SO-AO,AHY,M,0,1.23167,FALSE,3,Cattle,Early,2015,1,3.5,NA
5/18/15,C3SA,11:35,FALSE,1831,10106,SY-KG,AHY,M,0,0.9368824,TRUE,3,Cattle,Early,2015,1,3.5,NA
5/19/15,C3A,6:30,FALSE,1821,15359,WS-GK,AHY,M,1,-999,FALSE,3,Cattle,Early,2015,2,7.833333333,NA
5/19/15,C3A,7:18,FALSE,1821,15360,YD-SK,AHY,M,1,-999,FALSE,3,Cattle,Early,2015,2,7.833333333,NA
5/19/15,C3B,9:30,FALSE,1821,15361,RP-SK,AHY,M,1,-999,FALSE,3,Cattle,Early,2015,1,7.166666667,NA
5/19/15,C3SA,6:55,FALSE,1831,10109,GK-SK,AHY,M,0,1.027434,FALSE,3,Cattle,Early,2015,1,3.5,NA
5/19/15,C3SA,8:35,FALSE,1831,10110,PW-SR,AHY,M,0,1.11606,FALSE,3,Cattle,Early,2015,1,3.5,NA
5/19/15,C3SA,9:00,FALSE,1831,10111,AA-SA,AHY,F,2,-999,FALSE,3,Cattle,Early,2015,1,3.5,NA
5/19/15,C3SB,11:10,FALSE,1831,10112,YG-SW,AHY,M,1,-999,FALSE,3,Cattle,Early,2015,2,7,NA
5/20/15,N2B,10:02,FALSE,1831,10115,RY-WS,AHY,M,1,1.39896,FALSE,2,Bison,Early,2015,0,2.375,NA
5/20/15,N2B,8:49,FALSE,1831,10114,OG-WS,AHY,F,2,-999,FALSE,2,Bison,Early,2015,0,2.375,NA
5/20/15,N2B,8:44,FALSE,1831,10113,YW-SY,AHY,M,0.5,0.7636098,FALSE,2,Bison,Early,2015,0,2.375,NA
5/21/15,C3A,7:25,FALSE,1821,15362,SY-OO,AHY,M,1,-999,FALSE,3,Cattle,Early,2015,2,7.833333333,NA
5/21/15,C3A,8:15,FALSE,1821,15363,WS-GW,AHY,M,0,-999,FALSE,3,Cattle,Early,2015,2,7.833333333,NA
5/21/15,C3A,10:00,TRUE,1831,10062,SR-GD,ASY,M,1,-999,FALSE,3,Cattle,Early,2015,2,7.833333333,NA
5/21/15,C3SA,13:20,FALSE,1831,10123,SB-AB,AHY,F,1,-999,FALSE,3,Cattle,Early,2015,1,3.5,NA
5/21/15,C3SB,11:35,FALSE,1831,10122,SD-GY,AHY,M,0,2.254349,FALSE,3,Cattle,Early,2015,2,7,NA
5/21/15,C3SB,15:00,FALSE,1831,10124,SB-BA,AHY,F,2,-999,FALSE,3,Cattle,Early,2015,2,7,NA
5/21/15,C3SB,9:20,FALSE,1831,10120,AY-SP,AHY,M,0,0.9112114,TRUE,3,Cattle,Early,2015,2,7,NA
5/21/15,C3SB,8:00,FALSE,1831,10119,WB-SR,AHY,M,0,-999,FALSE,3,Cattle,Early,2015,2,7,NA
5/21/15,C3SB,10:20,FALSE,1831,10121,KG-KS,AHY,M,0,0.8514464,FALSE,3,Cattle,Early,2015,2,7,NA
5/21/15,C3SB,6:20,FALSE,1831,10116,KG-SY,AHY,M,2,-999,FALSE,3,Cattle,Early,2015,2,7,NA
5/21/15,C3SB,7:00,FALSE,1831,10117,PY-SG,AHY,M,0,0.9574192,FALSE,3,Cattle,Early,2015,2,7,NA
5/21/15,C3SB,7:40,FALSE,1831,10118,KK-SO,AHY,M,0,-999,FALSE,3,Cattle,Early,2015,2,7,NA
5/22/15,C3B,8:20,FALSE,1821,15367,WS-GG,AHY,M,1,1.066843,FALSE,3,Cattle,Early,2015,1,7.166666667,NA
5/22/15,C3B,6:00,FALSE,1821,15364,YY-SK,AHY,M,1,0.6339646,FALSE,3,Cattle,Early,2015,1,7.166666667,NA
5/22/15,C3B,8:00,FALSE,1821,15366,SY-OD,AHY,M,1,0.693489,FALSE,3,Cattle,Early,2015,1,7.166666667,NA
5/22/15,C3B,10:34,TRUE,1831,10673,OR-KS,TY,M,1,0.850673,FALSE,3,Cattle,Early,2015,1,7.166666667,NA
5/22/15,C3B,6:30,FALSE,1821,15365,WS-GR,AHY,M,1,0.721246,FALSE,3,Cattle,Early,2015,1,7.166666667,NA
5/22/15,C3SB,13:15,TRUE,1831,10688,PP-SD,TY,M,0.5,0.526254,FALSE,3,Cattle,Early,2015,2,7,NA
5/22/15,C3SB,6:30,TRUE,1831,10279,SG-OD,ASY,M,2,0.537403,FALSE,3,Cattle,Early,2015,2,7,NA
5/22/15,C3SB,7:35,FALSE,1831,10125,SG-OY,AHY,M,0,0.8965548,FALSE,3,Cattle,Early,2015,2,7,NA
5/22/15,C3SB,7:50,TRUE,1831,10285,YO-RS,ASY,M,0,0.7689276,FALSE,3,Cattle,Early,2015,2,7,NA
5/22/15,C3SB,8:45,TRUE,1831,10050,RO-OS,ASY,M,1,0.8762482,FALSE,3,Cattle,Early,2015,2,7,NA
5/22/15,C3SB,9:10,FALSE,1831,10126,SD-PW,AHY,M,1,0.8701378,FALSE,3,Cattle,Early,2015,2,7,NA
5/25/15,C3B,8:42,FALSE,1821,15369,RY-SK,AHY,M,1,-999,FALSE,3,Cattle,Early,2015,1,7.166666667,NA
5/25/15,C3B,8:00,FALSE,1821,15368,WS-YO,AHY,M,1,-999,FALSE,3,Cattle,Early,2015,1,7.166666667,NA
5/25/15,C3SB,9:00,FALSE,1831,10127,BG-SD,AHY,M,1,0.994512,FALSE,3,Cattle,Early,2015,2,7,NA
5/25/15,C3SB,11:00,FALSE,1831,10129,KS-KP,AHY,M,0,-999,FALSE,3,Cattle,Early,2015,2,7,NA
5/25/15,C3SB,11:45,FALSE,1831,10130,GY-RS,AHY,M,0,0.8577816,TRUE,3,Cattle,Early,2015,2,7,NA
5/25/15,C3SB,14:30,TRUE,1831,10287,YP-SY,ASY,M,0,1.979419,FALSE,3,Cattle,Early,2015,2,7,NA
5/25/15,C3SB,10:15,FALSE,1831,10128,SP-WK,AHY,M,0,1.23167,FALSE,3,Cattle,Early,2015,2,7,NA
5/26/15,1D,8:12,FALSE,1821,15373,SY-OK,AHY,M,1,-999,FALSE,1,None,Early,2015,0,NA,NA
5/26/15,1D,6:00,FALSE,1821,15370,WS-YK,AHY,M,1,0.2814058,FALSE,1,None,Early,2015,0,NA,NA
5/26/15,1D,7:48,FALSE,1821,15372,WS-GP,AHY,M,1,0.542501,FALSE,1,None,Early,2015,0,NA,NA
5/26/15,1D,8:40,FALSE,1821,15374,OP-SK,AHY,M,1,-999,FALSE,1,None,Early,2015,0,NA,NA
5/26/15,1D,6:40,FALSE,1821,15371,WS-OD,AHY,M,1,0.3422955,FALSE,1,None,Early,2015,0,NA,NA
5/26/15,COA,8:20,FALSE,2181,40401,WG-SY,AHY,M,0.5,0.6098715,FALSE,1,Cattle,Early,2015,0,12.83333333,NA
5/26/15,COA,8:50,FALSE,2181,40402,PK-WS,AHY,M,0,0.6312231,FALSE,1,Cattle,Early,2015,0,12.83333333,NA
5/26/15,COA,9:20,FALSE,2181,40403,DY-SY,AHY,M,1,1.407064,FALSE,1,Cattle,Early,2015,0,12.83333333,NA
5/27/15,C3B,9:40,TRUE,1831,10558,SY-AD,ATY,M,1,1.09666,FALSE,3,Cattle,Early,2015,1,7.166666667,NA
5/27/15,C3B,9:29,FALSE,2181,40405,WO-YS,AHY,M,0,1.148573,FALSE,3,Cattle,Early,2015,1,7.166666667,NA
5/27/15,C3B,9:43,TRUE,2181,40262,KG-PS,AHY,M,1,-999,FALSE,3,Cattle,Early,2015,1,7.166666667,NA
5/27/15,C3B,8:02,FALSE,1821,15377,WW-GS,AHY,M,1,-999,FALSE,3,Cattle,Early,2015,1,7.166666667,NA
5/27/15,C3B,9:11,FALSE,1821,15379,SY-YY,AHY,M,1,0.9497328,FALSE,3,Cattle,Early,2015,1,7.166666667,NA
5/27/15,C3B,7:05,FALSE,1821,15376,SY-YD,AHY,M,1,0.7828564,FALSE,3,Cattle,Early,2015,1,7.166666667,NA
5/27/15,C3C,8:34,FALSE,1821,15378,OG-SK,AHY,M,1,0.9753009,FALSE,3,Cattle,Early,2015,0,2.333333333,NA
5/27/15,C3C,6:15,FALSE,1821,15375,PW-SK,AHY,M,1,0.5156808,TRUE,3,Cattle,Early,2015,0,2.333333333,NA
5/27/15,C3SB,6:15,FALSE,2181,40404,WB-SY,AHY,F,0.5,-999,FALSE,3,Cattle,Early,2015,2,7,NA
5/27/15,COA,12:45,TRUE,1831,10019,KD-KS,ASY,M,0.5,-999,FALSE,1,Cattle,Early,2015,0,12.83333333,NA
5/28/15,1D,9:42,FALSE,1821,15380,WD-GS,AHY,M,1,0.8440005,FALSE,1,None,Early,2015,0,NA,NA
5/28/15,1D,9:58,FALSE,1821,15381,YG-SK,AHY,M,1,0.7771065,FALSE,1,None,Early,2015,0,NA,NA
5/31/15,C3B,6:35,FALSE,1821,15382,WS-RK,AHY,M,1,0.6260098,FALSE,3,Cattle,Mid,2015,1,3.166666667,NA
5/31/15,C3B,8:10,FALSE,1821,15384,PO-SK,AHY,M,1,1.086938,FALSE,3,Cattle,Mid,2015,1,3.166666667,NA
5/31/15,C3C,6:52,FALSE,1821,15383,WS-GO,AHY,M,1,0.7623196,FALSE,3,Cattle,Mid,2015,0,4.166666667,NA
5/31/15,C3SB,11:20,FALSE,1831,10134,GS-PG,AHY,M,0.5,1.282886,FALSE,3,Cattle,Mid,2015,2,4.833333333,NA
5/31/15,C3SB,13:50,FALSE,1831,10138,KK-OS,AHY,M,0,1.42795,TRUE,3,Cattle,Mid,2015,2,4.833333333,NA
5/31/15,C3SB,13:50,FALSE,1831,10139,WG-RS,AHY,M,1,1.060103,FALSE,3,Cattle,Mid,2015,2,4.833333333,NA
5/31/15,C3SB,9:08,TRUE,1831,10276,DS-RR,ASY,M,0,-999,FALSE,3,Cattle,Mid,2015,2,4.833333333,NA
5/31/15,C3SB,9:05,FALSE,1831,10131,YY-SO,AHY,M,0,0.9544477,FALSE,3,Cattle,Mid,2015,2,4.833333333,NA
5/31/15,C3SB,9:08,TRUE,1831,10125,SG-OY,AHY,M,0,0.5061039,FALSE,3,Cattle,Mid,2015,2,4.833333333,NA
5/31/15,C3SB,11:00,FALSE,1831,10133,BK-RS,AHY,M,0,1.29539,FALSE,3,Cattle,Mid,2015,2,4.833333333,NA
5/31/15,C3SB,12:10,FALSE,1831,10135,DS-BB,AHY,F,0.5,-999,FALSE,3,Cattle,Mid,2015,2,4.833333333,NA
5/31/15,C3SB,12:55,FALSE,1831,10136,DS-YK,AHY,M,1,1.348568,FALSE,3,Cattle,Mid,2015,2,4.833333333,NA
5/31/15,C3SB,13:40,FALSE,1831,10137,WP-OS,AHY,M,1,-999,FALSE,3,Cattle,Mid,2015,2,4.833333333,NA
5/31/15,C3SB,11:00,FALSE,1831,10132,SY-BD,AHY,M,-9,1.112238,TRUE,3,Cattle,Mid,2015,2,4.833333333,NA
5/31/15,NT,7:03,FALSE,2181,40407,OK-WS,AHY,F,2,-999,FALSE,2,None,Mid,2015,NA,NA,NA
5/31/15,NT,7:28,FALSE,2181,40410,YR-WS,AHY,M,0,0.8889517,FALSE,2,None,Mid,2015,NA,NA,NA
5/31/15,NT,6:23,FALSE,2181,40406,BG-SY,AHY,M,1,0.6916291,FALSE,2,None,Mid,2015,NA,NA,NA
6/1/15,C3B,10:58,FALSE,1821,15389,OW-SK,AHY,M,1,1.152519,FALSE,3,Cattle,Mid,2015,1,3.166666667,NA
6/1/15,C3B,9:51,FALSE,1821,15388,PK-SK,AHY,M,1,0.5321704,FALSE,3,Cattle,Mid,2015,1,3.166666667,NA
6/1/15,C3B,9:51,FALSE,1821,15387,WS-YG,AHY,F,1,-999,FALSE,3,Cattle,Mid,2015,1,3.166666667,NA
6/1/15,C3C,6:40,FALSE,1821,15385,KO-GS,AHY,M,1,0.4994992,FALSE,3,Cattle,Mid,2015,0,4.166666667,NA
6/1/15,C3C,7:59,FALSE,1821,15386,KK-GS,AHY,M,0,1.152519,FALSE,3,Cattle,Mid,2015,0,4.166666667,NA
6/1/15,C3SB,6:40,TRUE,1831,10607,KP-OS,ATY,M,0,0.5136732,FALSE,3,Cattle,Mid,2015,2,4.833333333,NA
6/1/15,C3SB,6:40,FALSE,1831,10140,BA-BS,AHY,F,0,-999,FALSE,3,Cattle,Mid,2015,2,4.833333333,NA
6/1/15,C3SB,7:33,FALSE,1831,10141,SD-YY,AHY,M,0,0.4070512,FALSE,3,Cattle,Mid,2015,2,4.833333333,NA
6/1/15,COA,6:30,FALSE,2181,40412,GG-SA,AHY,F,0,-999,FALSE,1,Cattle,Mid,2015,0,6.25,NA
6/1/15,COB,11:25,FALSE,1831,10142,BS-BA,AHY,F,2,-999,FALSE,1,Cattle,Mid,2015,0,10.66666667,NA
6/1/15,COB,12:55,FALSE,1831,10143,BA-SK,AHY,F,0.5,-999,FALSE,1,Cattle,Mid,2015,0,10.66666667,NA
6/1/15,COB,13:20,FALSE,1831,10144,OG-SG,AHY,M,1,2.004453,FALSE,1,Cattle,Mid,2015,0,10.66666667,NA
6/1/15,N1B,12:50,FALSE,2181,40500,BO-SY,AHY,M,0,1.039566,FALSE,1,Bison,Mid,2015,0,1,NA
6/2/15,C3B,8:10,FALSE,2181,40415,RS-GA,AHY,F,1,-999,FALSE,3,Cattle,Mid,2015,1,3.166666667,NA
6/2/15,C3B,8:30,FALSE,2181,40417,RS-YO,AHY,M,0,0.8486946,FALSE,3,Cattle,Mid,2015,1,3.166666667,NA
6/2/15,C3B,7:50,FALSE,2181,40414,OP-OS,AHY,M,0,0.644233,FALSE,3,Cattle,Mid,2015,1,3.166666667,NA
6/2/15,C3B,8:30,FALSE,2181,40416,OB-SA,AHY,F,1,-999,FALSE,3,Cattle,Mid,2015,1,3.166666667,NA
6/2/15,C3B,7:10,FALSE,2181,40413,YY-SA,AHY,F,0.5,-999,FALSE,3,Cattle,Mid,2015,1,3.166666667,NA
6/2/15,COB,7:45,FALSE,1831,10145,SD-RA,AHY,F,1,-999,FALSE,1,Cattle,Mid,2015,0,10.66666667,NA
6/2/15,COB,9:14,FALSE,1831,10146,AS-AB,AHY,F,1,-999,FALSE,1,Cattle,Mid,2015,0,10.66666667,NA
6/2/15,COB,10:35,TRUE,1831,10503,KD-SY,ATY,M,1,-999,FALSE,1,Cattle,Mid,2015,0,10.66666667,NA
6/2/15,COB,11:10,TRUE,2181,40282,KS-WK,AHY,M,0,1.396428,FALSE,1,Cattle,Mid,2015,0,10.66666667,NA
6/2/15,N2B,13:30,FALSE,1831,10147,YO-SO,AHY,M,0,1.215623,FALSE,2,Bison,Mid,2015,0,1.5,NA
6/3/15,C3SC,9:05,FALSE,2181,40536,YS-OO,AHY,M,3,-999,FALSE,3,Cattle,Mid,2015,0,1,NA
6/3/15,N1B,6:40,FALSE,1831,10148,RO-RS,AHY,M,0,-999,FALSE,1,Bison,Mid,2015,0,1,NA
6/3/15,N1B,8:00,FALSE,1831,10149,WP-PS,AHY,M,0,-999,FALSE,1,Bison,Mid,2015,0,1,NA
6/3/15,N1B,7:55,FALSE,1831,10150,KS-KK,AHY,M,0,-999,FALSE,1,Bison,Mid,2015,0,1,NA
6/4/15,N1B,7:00,FALSE,1831,10153,SD-PP,AHY,M,0,1.126487,FALSE,1,Bison,Mid,2015,0,1,NA
6/4/15,N1B,6:30,FALSE,1831,10152,WW-SK,AHY,M,1,1.189034,FALSE,1,Bison,Mid,2015,0,1,NA
6/4/15,N1B,9:15,FALSE,1831,10160,AG-AS,AHY,F,0.5,-999,FALSE,1,Bison,Mid,2015,0,1,NA
6/4/15,N1B,6:30,FALSE,1831,10151,RR-SO,AHY,M,0.5,0.9174436,FALSE,1,Bison,Mid,2015,0,1,NA
6/6/15,N1A,11:40,FALSE,1831,10163,PB-SP,AHY,M,0,0.987613,FALSE,1,Bison,Mid,2015,0,0.75,NA
6/6/15,N1A,12:40,FALSE,1831,10164,BO-KS,AHY,M,0,-999,FALSE,1,Bison,Mid,2015,0,0.75,NA
6/6/15,N1A,12:55,FALSE,1831,10165,GO-RS,AHY,M,0,-999,FALSE,1,Bison,Mid,2015,0,0.75,NA
6/6/15,N1B,9:09,FALSE,1831,10161,DS-RW,AHY,M,0,1.085774,FALSE,1,Bison,Mid,2015,0,1,NA
6/6/15,N1B,10:06,FALSE,1831,10162,WY-YS,AHY,M,0,1.034818,TRUE,1,Bison,Mid,2015,0,1,NA
6/8/15,N2B,13:10,FALSE,1831,10171,KS-YB,AHY,M,0,1.003191,FALSE,2,Bison,Mid,2015,0,1.5,NA
6/8/15,N2B,12:25,FALSE,1831,10167,RS-KR,AHY,M,0.5,1.702474,FALSE,2,Bison,Mid,2015,0,1.5,NA
6/8/15,N2B,11:57,FALSE,1831,10166,OS-BW,AHY,M,0,0.8968988,FALSE,2,Bison,Mid,2015,0,1.5,NA
6/8/15,N2B,12:50,FALSE,1831,10168,AS-AA,AHY,F,0.5,-999,FALSE,2,Bison,Mid,2015,0,1.5,NA
6/9/15,C3B,6:40,FALSE,1831,10172,AA-SD,AHY,F,0,-999,FALSE,3,Cattle,Mid,2015,1,3.166666667,NA
6/9/15,C3C,8:38,FALSE,1831,10173,GY-SG,AHY,M,1,-999,FALSE,3,Cattle,Mid,2015,0,4.166666667,NA
6/9/15,C3C,11:10,FALSE,1831,10174,GK-SR,AHY,M,2,-999,FALSE,3,Cattle,Mid,2015,0,4.166666667,NA
6/9/15,COB,8:30,FALSE,2181,40418,RS-GY,AHY,M,0,1.083704,FALSE,1,Cattle,Mid,2015,0,10.66666667,NA
6/10/15,C3C,6:40,FALSE,1831,10176,GP-GS,AHY,M,0.5,0.4112233,FALSE,3,Cattle,Mid,2015,0,4.166666667,NA
6/10/15,C3C,11:50,FALSE,1831,10181,YY-SG,AHY,M,0,1.414363,FALSE,3,Cattle,Mid,2015,0,4.166666667,NA
6/10/15,C3C,6:30,FALSE,1831,10175,SG-YY,AHY,M,1,0.8993371,FALSE,3,Cattle,Mid,2015,0,4.166666667,NA
6/10/15,C3C,7:15,FALSE,1831,10177,SY-KY,AHY,M,1,0.5322286,FALSE,3,Cattle,Mid,2015,0,4.166666667,NA
6/10/15,C3C,7:20,TRUE,1831,10832,GW-SY,ASY,M,1,1.0295,FALSE,3,Cattle,Mid,2015,0,4.166666667,NA
6/10/15,C3C,7:20,FALSE,1831,10178,RY-RS,AHY,M,0.5,1.065503,FALSE,3,Cattle,Mid,2015,0,4.166666667,NA
6/10/15,C3C,8:40,FALSE,1831,10179,OS-WO,AHY,M,1,0.816128,TRUE,3,Cattle,Mid,2015,0,4.166666667,NA
6/10/15,C3C,10:20,FALSE,1831,10180,PS-PP,AHY,M,0,-999,FALSE,3,Cattle,Mid,2015,0,4.166666667,NA
6/10/15,C3C,12:50,FALSE,1831,10182,KK-SW,AHY,M,0,-999,FALSE,3,Cattle,Mid,2015,0,4.166666667,NA
6/10/15,C3C,9:50,TRUE,1821,15378,OG-SK,AHY,M,0,-999,FALSE,3,Cattle,Mid,2015,0,4.166666667,NA
6/10/15,C3C,12:55,FALSE,1831,10183,SG-RR,AHY,M,0.5,1.568686,FALSE,3,Cattle,Mid,2015,0,4.166666667,NA
6/12/15,C3A,7:40,FALSE,1821,15392,WS-YW,AHY,M,1,0.7417828,FALSE,3,Cattle,Mid,2015,2,1,NA
6/12/15,C3B,7:12,FALSE,2181,40419,YD-OS,AHY,M,0,-999,FALSE,3,Cattle,Mid,2015,1,3.166666667,NA
6/12/15,C3B,7:50,FALSE,2181,40421,RR-SA,AHY,F,0,-999,FALSE,3,Cattle,Mid,2015,1,3.166666667,NA
6/13/15,C3B,12:40,FALSE,2181,40423,RS-WY,AHY,M,0,0.5206795,TRUE,3,Cattle,Mid,2015,1,3.166666667,NA
6/13/15,C3B,9:27,FALSE,2181,40422,YA-SA,AHY,F,1,-999,FALSE,3,Cattle,Mid,2015,1,3.166666667,NA
6/13/15,C3B,12:09,TRUE,1831,10794,GG-WS,ASY,M,0,0.82393,FALSE,3,Cattle,Mid,2015,1,3.166666667,NA
6/13/15,C3B,12:55,FALSE,2181,40424,SW-PD,AHY,M,1,-999,FALSE,3,Cattle,Mid,2015,1,3.166666667,NA
6/13/15,C3B,14:50,FALSE,2181,40425,SO-GK,AHY,M,1,-999,FALSE,3,Cattle,Mid,2015,1,3.166666667,NA
6/13/15,C3B,9:27,TRUE,1821,15360,YD-SK,AHY,M,1,0.9909408,FALSE,3,Cattle,Mid,2015,1,3.166666667,NA
6/13/15,C3B,12:00,FALSE,2181,40427,OK-SA,AHY,F,-9,-999,FALSE,3,Cattle,Mid,2015,1,3.166666667,NA
6/15/15,C3A,8:51,FALSE,2181,40426,WD-SY,AHY,M,0.5,0.5530236,FALSE,3,Cattle,Mid,2015,2,1,NA
6/15/15,C3B,11:15,TRUE,1831,10852,BY-OS,SY,M,0.5,1.480991,FALSE,3,Cattle,Mid,2015,1,3.166666667,NA
6/15/15,C3B,11:15,TRUE,2181,40427,OK-SA,AHY,F,0,-999,FALSE,3,Cattle,Mid,2015,1,3.166666667,NA
6/15/15,C3B,13:30,FALSE,1831,10184,PA-SA,AHY,F,0.5,-999,FALSE,3,Cattle,Mid,2015,1,3.166666667,NA
6/16/15,C3SB,12:00,TRUE,1831,10119,WB-SR,AHY,M,0,-999,FALSE,3,Cattle,Mid,2015,2,4.833333333,NA
6/16/15,C3SB,12:02,FALSE,2181,40430,GA-SY,AHY,F,1,-999,FALSE,3,Cattle,Mid,2015,2,4.833333333,NA
6/16/15,COB,7:19,TRUE,1831,10146,AS-AB,AHY,F,1,-999,FALSE,1,Cattle,Mid,2015,0,10.66666667,NA
6/16/15,COB,6:30,FALSE,2181,40428,RS-RA,AHY,F,0,-999,FALSE,1,Cattle,Mid,2015,0,10.66666667,NA
6/17/15,C1A,7:45,FALSE,1821,15393,WS-YP,AHY,M,1,-999,FALSE,1,Cattle,Mid,2015,0,NA,NA
6/17/15,C3SA,8:30,FALSE,2181,40433,GG-OS,AHY,M,1,0.8455368,FALSE,3,Cattle,Mid,2015,1,2.166666667,NA
6/17/15,C3SA,7:50,FALSE,2181,40432,RS-YY,AHY,M,0.5,0.5929678,FALSE,3,Cattle,Mid,2015,1,2.166666667,NA
6/17/15,C3SA,9:30,FALSE,2181,40434,OO-OS,AHY,M,0,-999,FALSE,3,Cattle,Mid,2015,1,2.166666667,NA
6/17/15,C3SA,9:40,FALSE,2181,40435,GO-SY,AHY,M,0,-999,FALSE,3,Cattle,Mid,2015,1,2.166666667,NA
6/17/15,C3SA,11:02,TRUE,1831,10848,PG-WS,SY,M,1,1.491418,FALSE,3,Cattle,Mid,2015,1,2.166666667,NA
6/17/15,C3SA,6:52,FALSE,2181,40431,RS-RB,AHY,F,0.5,-999,FALSE,3,Cattle,Mid,2015,1,2.166666667,NA
6/18/15,2A,9:45,FALSE,2181,40318,RG-SA,AHY,F,0,-999,FALSE,2,None,Mid,2015,1,0,NA
6/18/15,COB,12:52,FALSE,2181,40317,RK-SA,AHY,F,2,-999,FALSE,1,Cattle,Mid,2015,0,10.66666667,NA
6/19/15,N1B,10:22,FALSE,2181,40446,GP-SY,AHY,M,0.5,1.278811,FALSE,1,Bison,Mid,2015,0,1,NA
6/19/15,N20A,9:25,FALSE,2181,40445,GK-SY,AHY,M,0.5,1.23167,FALSE,20,Bison,Mid,2015,NA,NA,NA
6/19/15,NT,6:45,FALSE,2181,40442,YK-DS,AHY,M,1,0.722268,FALSE,2,None,Mid,2015,NA,NA,NA
6/19/15,NT,7:00,FALSE,2181,40443,GY-SY,AHY,M,0.5,0.6413004,FALSE,2,None,Mid,2015,NA,NA,NA
6/19/15,NT,7:40,FALSE,2181,40444,OA-SA,AHY,F,0.5,-999,FALSE,2,None,Mid,2015,NA,NA,NA
6/20/15,C3B,7:57,FALSE,1831,10200,AD-AS,AHY,F,1,-999,FALSE,3,Cattle,Mid,2015,1,3.166666667,NA
6/20/15,C3B,7:16,TRUE,1821,15364,YY-SK,AHY,M,0,0.9220435,FALSE,3,Cattle,Mid,2015,1,3.166666667,NA
6/20/15,K1B,6:55,FALSE,2181,40448,RS-YW,AHY,M,0.5,-999,FALSE,1,None,Mid,2015,0,0.833333333,NA
6/20/15,K2A,6:20,FALSE,2181,40447,YP-OS,AHY,M,0,-999,FALSE,2,None,Mid,2015,1,0.666666667,NA
6/20/15,K2A,8:20,FALSE,2181,40450,DY-SYx,AHY,M,1,0.4279044,FALSE,2,None,Mid,2015,1,0.666666667,NA
6/20/15,N1B,9:50,FALSE,2181,40451,RS-GP,AHY,M,1,1.024182,FALSE,1,Bison,Mid,2015,0,1,NA
6/22/15,NCOB,7:15,FALSE,2181,40452,RW-SA,AHY,F,0.5,-999,FALSE,-999,Bison,Mid,2015,NA,NA,NA
6/22/15,NCOB,8:00,FALSE,2181,40453,RS-RR,AHY,M,0,1.657,FALSE,-999,Bison,Mid,2015,NA,NA,NA
6/22/15,NCOB,8:20,FALSE,2181,40454,OD-OS,AHY,M,1,1.384727,TRUE,-999,Bison,Mid,2015,NA,NA,NA
6/23/15,1D,6:17,FALSE,1821,15394,WS-GY,AHY,F,1,-999,FALSE,1,None,Mid,2015,0,NA,NA
6/23/15,COB,11:50,FALSE,2181,40498,RS-GK,AHY,M,0,0.7777222,FALSE,1,Cattle,Mid,2015,0,10.66666667,NA
6/23/15,COB,13:10,TRUE,1831,10144,OG-SG,AHY,M,1,-999,FALSE,1,Cattle,Mid,2015,0,10.66666667,NA
6/23/15,COB,13:09,FALSE,2181,40497,GA-SA,AHY,F,2,-999,FALSE,1,Cattle,Mid,2015,0,10.66666667,NA
6/23/15,COB,6:00,FALSE,2181,40455,RS-YP,AHY,M,0,0.6200292,FALSE,1,Cattle,Mid,2015,0,10.66666667,NA
6/23/15,COB,6:15,FALSE,2181,40499,OG-SA,AHY,F,0.5,-999,FALSE,1,Cattle,Mid,2015,0,10.66666667,NA
6/23/15,COB,11:30,FALSE,2181,40456,GY-OS,AHY,M,1,1.738374,TRUE,1,Cattle,Mid,2015,0,10.66666667,NA
6/25/15,COB,10:45,FALSE,1831,10192,DP-YS,AHY,M,2,1.163981,FALSE,1,Cattle,Mid,2015,0,10.66666667,NA
6/25/15,COB,6:55,FALSE,1831,10191,AW-BS,AHY,F,0,-999,FALSE,1,Cattle,Mid,2015,0,10.66666667,NA
6/25/15,COB,9:50,TRUE,1831,10454,WK-YS,ASY,M,0,1.033533,FALSE,1,Cattle,Mid,2015,0,10.66666667,NA
6/25/15,COB,7:50,TRUE,1831,10142,BS-BA,AHY,F,3,-999,FALSE,1,Cattle,Mid,2015,0,10.66666667,NA
6/26/15,COB,8:20,FALSE,1831,10193,AA-SK,AHY,F,0,-999,FALSE,1,Cattle,Mid,2015,0,10.66666667,NA
6/26/15,N1A,6:40,TRUE,1831,10450,WK-SK,ASY,F,0.5,-999,FALSE,1,Bison,Mid,2015,0,0.75,NA
6/27/15,COB,9:10,FALSE,1831,10196,WD-OS,AHY,M,0,0.8449684,FALSE,1,Cattle,Mid,2015,0,10.66666667,NA
6/27/15,COB,11:20,FALSE,2181,40496,GD-SA,AHY,F,0,-999,FALSE,1,Cattle,Mid,2015,0,10.66666667,NA
6/27/15,COB,11:25,FALSE,2181,40457,RS-YK,AHY,M,1,1.161871,FALSE,1,Cattle,Mid,2015,0,10.66666667,NA
6/27/15,COB,7:50,FALSE,1831,10194,BBBSxx,AHY,F,0,-999,FALSE,1,Cattle,Mid,2015,0,10.66666667,NA
6/27/15,COB,10:20,FALSE,1831,10197,SD-KYx,AHY,M,0,1.568389,FALSE,1,Cattle,Mid,2015,0,10.66666667,NA
6/27/15,COB,8:40,FALSE,1831,10195,GW-GS,AHY,M,0,1.126848,FALSE,1,Cattle,Mid,2015,0,10.66666667,NA
6/27/15,COB,12:50,FALSE,1831,10198,SK-AA,AHY,F,1,-999,FALSE,1,Cattle,Mid,2015,0,10.66666667,NA
6/28/15,COB,9:30,FALSE,1831,10186,WD-SA,AHY,F,0,-999,FALSE,1,Cattle,Mid,2015,0,10.66666667,NA
6/29/15,COB,6:50,FALSE,1831,10189,BB-SA,AHY,F,0,-999,FALSE,1,Cattle,Mid,2015,0,10.66666667,NA
6/29/15,COB,10:20,FALSE,1831,10190,PS-YY,AHY,M,0,2.046924,FALSE,1,Cattle,Mid,2015,0,10.66666667,NA
6/29/15,COB,12:00,FALSE,2181,40701,RS-KK,AHY,M,0,1.089993,FALSE,1,Cattle,Mid,2015,0,10.66666667,NA
7/1/15,K2A,12:45,FALSE,2181,40705,SO-PR,AHY,M,2,1.595422,FALSE,2,None,Late,2015,1,0.7,NA
7/1/15,K2A,7:24,FALSE,2181,40702,BD-SR,AHY,M,1,1.054969,FALSE,2,None,Late,2015,1,0.7,NA
7/1/15,K2A,9:35,FALSE,2181,40704,RS-WR,AHY,M,0,1.111577,FALSE,2,None,Late,2015,1,0.7,NA
7/1/15,K2A,7:55,FALSE,2181,40703,YO-GS,AHY,M,1,1.183716,FALSE,2,None,Late,2015,1,0.7,NA
7/2/15,C3A,9:15,FALSE,2181,40713,GD-SR,AHY,M,2,1.184936,FALSE,3,Cattle,Late,2015,2,1.2,NA
7/2/15,C3A,9:22,FALSE,2181,40714,RD-KS,AHY,M,0,1.076666,FALSE,3,Cattle,Late,2015,2,1.2,NA
7/2/15,C3A,7:50,TRUE,1821,15359,WS-GK,AHY,M,NA,-999,FALSE,3,Cattle,Late,2015,2,1.2,NA
7/2/15,C3A,10:34,FALSE,2181,40716,SR-DG,AHY,M,0,0.9408787,FALSE,3,Cattle,Late,2015,2,1.2,NA
7/2/15,C3A,8:20,FALSE,2181,40711,BS-WG,AHY,F,0,-999,FALSE,3,Cattle,Late,2015,2,1.2,NA
7/2/15,C3A,10:00,TRUE,1831,10059,RD-YS,ASY,M,0,-999,FALSE,3,Cattle,Late,2015,2,1.2,NA
7/2/15,C3A,6:10,FALSE,2181,40706,DD-WS,AHY,M,0,1.260337,FALSE,3,Cattle,Late,2015,2,1.2,NA
7/2/15,C3A,6:50,FALSE,2181,40709,SG-KG,AHY,M,0,1.072555,FALSE,3,Cattle,Late,2015,2,1.2,NA
7/2/15,C3B,9:53,FALSE,2181,40715,OS-YY,AHY,M,0,-999,FALSE,3,Cattle,Late,2015,1,1.3,NA
7/2/15,C3SB,8:25,FALSE,2181,40712,GS-OR,AHY,M,0,0.9961541,FALSE,3,Cattle,Late,2015,2,5,NA
7/2/15,C3SB,6:15,TRUE,1831,10054,YR-BS,ASY,M,0,0.8008344,FALSE,3,Cattle,Late,2015,2,5,NA
7/2/15,C3SB,7:02,FALSE,2181,40710,SY-PK,AHY,M,0,0.9274688,TRUE,3,Cattle,Late,2015,2,5,NA
7/2/15,C3SB,7:04,FALSE,2181,40707,KO-OS,AHY,M,0,0.994512,FALSE,3,Cattle,Late,2015,2,5,NA
7/2/15,C3SB,6:50,FALSE,2181,40708,PP-DS,AHY,M,0,0.4551856,FALSE,3,Cattle,Late,2015,2,5,NA
7/3/15,COA,10:51,TRUE,1831,10023,RA-SW,ASY,F,0.5,-999,FALSE,1,Cattle,Late,2015,0,10,NA
7/3/15,COA,6:15,FALSE,2181,40461,GW-SA,AHY,F,0.5,-999,FALSE,1,Cattle,Late,2015,0,10,NA
7/3/15,COA,6:20,FALSE,2181,40462,RS-OG,AHY,M,0,0.3772546,TRUE,1,Cattle,Late,2015,0,10,NA
7/3/15,COA,9:10,FALSE,2181,40464,DW-SY,AHY,M,0.5,-999,FALSE,1,Cattle,Late,2015,0,10,NA
7/3/15,COA,13:00,FALSE,2181,40465,YP-WS,AHY,M,0.5,0.9909408,FALSE,1,Cattle,Late,2015,0,10,NA
7/3/15,COA,8:00,FALSE,2181,40463,OW-SA,AHY,F,0.5,-999,FALSE,1,Cattle,Late,2015,0,10,NA
7/5/15,COA,10:31,FALSE,2181,40471,RS-RY,AHY,M,0.5,-999,FALSE,1,Cattle,Late,2015,0,10,NA
7/5/15,COA,6:45,FALSE,2181,40466,OO-SA,AHY,F,0,-999,FALSE,1,Cattle,Late,2015,0,10,NA
7/5/15,COA,8:20,FALSE,2181,40467,RS-OR,AHY,M,0,-999,FALSE,1,Cattle,Late,2015,0,10,NA
7/5/15,COA,9:29,FALSE,2181,40468,GY-SA,AHY,F,0.5,-999,FALSE,1,Cattle,Late,2015,0,10,NA
7/5/15,COA,9:49,FALSE,2181,40469,DG-SY,AHY,M,0.5,0.6360496,FALSE,1,Cattle,Late,2015,0,10,NA
7/5/15,COA,10:36,FALSE,2181,40470,NA,HY,U,1.5,-999,FALSE,1,Cattle,Late,2015,0,10,NA
7/6/15,C3SB,6:25,FALSE,2181,40477,RA-SA,AHY,F,1,-999,FALSE,3,Cattle,Late,2015,2,5,NA
7/6/15,C3SB,6:25,TRUE,2181,40707,KO-OS,AHY,M,0,0.5668512,FALSE,3,Cattle,Late,2015,2,5,NA
7/6/15,COA,8:43,FALSE,2181,40478,RO-SA,AHY,F,1,-999,FALSE,1,Cattle,Late,2015,0,10,NA
7/6/15,COA,9:45,FALSE,2181,40480,GW-OS,AHY,M,0,1.397578,FALSE,1,Cattle,Late,2015,0,10,NA
7/7/15,COA,7:20,FALSE,2181,40481,PW-WS,AHY,M,0,0.637744,FALSE,1,Cattle,Late,2015,0,10,NA
7/7/15,COA,7:20,FALSE,2181,40482,DYSYxx,AHY,M,0,0.541549,FALSE,1,Cattle,Late,2015,0,10,NA
7/8/15,C3A,6:55,FALSE,2181,40718,OG-SY,AHY,M,0,0.6312231,FALSE,3,Cattle,Late,2015,2,1.2,NA
7/8/15,C3SB,8:00,FALSE,2181,40720,KK-SD,AHY,M,0,1.29539,FALSE,3,Cattle,Late,2015,2,5,NA
7/8/15,C3SB,7:55,FALSE,2181,40719,PW-SO,AHY,M,1,0.8993371,FALSE,3,Cattle,Late,2015,2,5,NA
7/8/15,C3SB,10:30,FALSE,2181,40721,SR-GW,AHY,M,1,1.401746,FALSE,3,Cattle,Late,2015,2,5,NA
7/8/15,C3SB,10:50,FALSE,2181,40722,KS-PG,AHY,M,0,1.580044,FALSE,3,Cattle,Late,2015,2,5,NA
7/8/15,C3SB,11:35,FALSE,2181,40723,SG-DGx,AHY,M,0,1.470534,FALSE,3,Cattle,Late,2015,2,5,NA
7/9/15,4A,10:00,FALSE,2181,40484,RS-YB,AHY,M,0,-999,FALSE,4,None,Late,2015,NA,NA,NA
7/9/15,4A,9:50,FALSE,2181,40483,GD-SY,AHY,M,0,-999,FALSE,4,None,Late,2015,NA,NA,NA
7/9/15,4A,11:10,FALSE,2181,40485,YK-SA,AHY,F,0,-999,FALSE,4,None,Late,2015,NA,NA,NA
7/11/15,COA,11:20,FALSE,2181,40491,OR-SA,AHY,F,1,-999,FALSE,1,Cattle,Late,2015,0,10,NA
7/13/15,C3SC,10:20,FALSE,2181,40502,GK-OS,AHY,M,0.5,-999,FALSE,3,Cattle,Late,2015,0,0,NA
7/13/15,C3SC,10:20,FALSE,2181,40503,NA,HY,U,1,-999,FALSE,3,Cattle,Late,2015,0,0,NA
7/13/15,COB,7:23,FALSE,2181,40501,RD-SA,AHY,F,1,-999,FALSE,1,Cattle,Late,2015,0,8.875,NA
7/13/15,COB,6:45,FALSE,2181,40600,OK-OS,AHY,M,0.5,0.6750382,FALSE,1,Cattle,Late,2015,0,8.875,NA
7/13/15,COB,7:25,TRUE,2181,40456,GY-OS,AHY,M,-9,-999,FALSE,1,Cattle,Late,2015,0,8.875,NA
7/14/15,N2B,7:17,FALSE,2181,40504,YB-SA,AHY,F,0,-999,FALSE,2,Bison,Late,2015,0,1.3,NA
7/14/15,N2B,7:30,TRUE,1831,10410,SD-GA,ASY,M,0,0.9328522,FALSE,2,Bison,Late,2015,0,1.3,NA
7/15/15,C3SB,13:19,FALSE,2181,40330,GB-SA,AHY,F,1,-999,FALSE,3,Cattle,Late,2015,2,5,NA
7/15/15,C3SB,11:50,FALSE,2181,40329,BK-OS,AHY,M,0,0.4757304,FALSE,3,Cattle,Late,2015,2,5,NA
7/17/15,C3SA,12:15,FALSE,2181,40595,NA,HY,U,0,-999,FALSE,3,Cattle,Late,2015,1,2.8,NA
7/17/15,C3SA,10:29,FALSE,2181,40599,NA,HY,U,1,-999,FALSE,3,Cattle,Late,2015,1,2.8,NA
7/17/15,C3SA,9:45,FALSE,2181,40507,YR-OS,AHY,M,1,1.295535,FALSE,3,Cattle,Late,2015,1,2.8,NA
7/17/15,C3SA,11:28,FALSE,2181,40598,RS-GB,AHY,M,0,1.013546,FALSE,3,Cattle,Late,2015,1,2.8,NA
7/17/15,C3SA,12:15,FALSE,2181,40597,NA,HY,U,0,-999,FALSE,3,Cattle,Late,2015,1,2.8,NA
7/17/15,C3SA,12:15,FALSE,2181,40596,RS-OO,AHY,M,1,0.916469,FALSE,3,Cattle,Late,2015,1,2.8,NA
7/17/15,C3SB,7:20,TRUE,1831,10121,KG-KS,AHY,M,0,0.7659575,FALSE,3,Cattle,Late,2015,2,5,NA
7/18/15,C3SB,13:32,FALSE,2181,40593,OD-SA,AHY,F,0,-999,FALSE,3,Cattle,Late,2015,2,5,NA
7/18/15,COB,8:43,TRUE,1831,10220,DO-BS,ASY,M,0,0.7591342,FALSE,1,Cattle,Late,2015,0,8.875,NA
7/18/15,COB,10:53,FALSE,2181,40510,NA,HY,U,1,-999,FALSE,1,Cattle,Late,2015,0,8.875,NA
7/18/15,COB,10:53,FALSE,2181,40594,RB-SA,AHY,F,0,-999,FALSE,1,Cattle,Late,2015,0,8.875,NA
7/22/15,C3SA,10:00,TRUE,1831,10886,SO-DO,SY,M,0,1.306545,FALSE,3,Cattle,Late,2015,1,2.8,NA
7/22/15,C3SB,8:18,TRUE,1831,10042,DY-SK,SY,M,0,0.8658216,FALSE,3,Cattle,Late,2015,2,5,NA
7/22/15,NCOA,12:15,TRUE,1831,10106,SY-KG,AHY,M,0,1.428858,FALSE,-999,Cattle,Late,2015,NA,NA,NA
7/24/15,C3SB,13:50,FALSE,2181,40514,YK-SY,AHY,M,0,1.840502,FALSE,3,Cattle,Late,2015,2,5,NA
7/24/15,C3SB,10:00,FALSE,2181,40592,YG-OS,AHY,M,0,0.7747123,FALSE,3,Cattle,Late,2015,2,5,NA
7/24/15,C3SB,10:45,FALSE,2181,40511,YW-SA,AHY,F,0,-999,FALSE,3,Cattle,Late,2015,2,5,NA
7/24/15,C3SB,10:55,FALSE,2181,40513,RS-GW,AHY,M,0,1.013546,FALSE,3,Cattle,Late,2015,2,5,NA
7/24/15,C3SB,10:55,FALSE,2181,40512,WO-SY,AHY,M,0,1.174542,FALSE,3,Cattle,Late,2015,2,5,NA
7/26/15,COA,8:15,FALSE,2181,40515,NA,HY,U,0.5,-999,FALSE,1,Cattle,Late,2015,0,10,NA
7/26/15,COA,8:53,TRUE,2181,40285,RY-SR,AHY,M,-9,-999,FALSE,1,Cattle,Late,2015,0,10,NA
7/27/15,C3B,6:30,TRUE,1831,10673,OR-KS,TY,M,0.5,1.049925,FALSE,3,Cattle,Late,2015,1,1.3,NA
7/27/15,C3B,6:30,FALSE,2181,40518,BB-OS,AHY,F,0,-999,FALSE,3,Cattle,Late,2015,1,1.3,NA
7/27/15,C3B,7:25,FALSE,2181,40519,NA,HY,U,1.5,-999,FALSE,3,Cattle,Late,2015,1,1.3,NA
7/27/15,C3SB,11:30,FALSE,2181,40523,YO-SA,AHY,F,1,-999,FALSE,3,Cattle,Late,2015,2,5,NA
7/27/15,C3SB,9:38,FALSE,2181,40522,RP-SA,AHY,F,1,-999,FALSE,3,Cattle,Late,2015,2,5,NA
7/28/15,C3SB,11:29,TRUE,1831,10949,DP-SY,SY,M,0,0.9471508,FALSE,3,Cattle,Late,2015,2,5,NA
7/28/15,C3SB,12:09,FALSE,2181,40528,GO-OS,AHY,M,0,1.082678,FALSE,3,Cattle,Late,2015,2,5,NA
7/28/15,C3SB,12:09,FALSE,2181,40529,OP-SA,AHY,F,0,-999,FALSE,3,Cattle,Late,2015,2,5,NA
7/28/15,COB,9:02,FALSE,2181,40526,GK-SA,AHY,F,0,-999,FALSE,1,Cattle,Late,2015,0,8.875,NA
7/28/15,COB,9:26,FALSE,2181,40527,RS-RD,AHY,M,0,0.9420166,FALSE,1,Cattle,Late,2015,0,8.875,NA
7/28/15,COB,7:02,FALSE,2181,40524,GR-SA,AHY,F,1,-999,FALSE,1,Cattle,Late,2015,0,8.875,NA
7/28/15,COB,7:02,FALSE,2181,40525,DK-SY,AHY,M,0,0.6990635,FALSE,1,Cattle,Late,2015,0,8.875,NA
7/31/15,COA,8:10,FALSE,2181,40531,OG-OS,AHY,M,0,-999,FALSE,1,Cattle,Late,2015,0,10,NA
7/31/15,COA,7:25,FALSE,2181,40530,BP-SA,AHY,F,0,-999,FALSE,1,Cattle,Late,2015,0,10,NA
8/7/15,C3SB,7:00,FALSE,2181,40724,OO-KS,AHY,M,0.5,-999,FALSE,3,Cattle,Late,2015,2,5,NA
8/7/15,C3SB,7:00,FALSE,2181,40725,AS-OO,AHY,F,0.5,-999,FALSE,3,Cattle,Late,2015,2,5,NA